file,readable,ok,success,motion_name,method,robot,fps,dt,num_frames,nq,nv,qpos_shape,root_pos_shape,root_quat_shape,missing_keys,errors,warnings
D:\GMR_WORK\GMR\outputs\final results\pkl direct\05_04_poses_unitree_g1_direct_mapping_gmr_motion_processing.pkl,True,True,True,05_04_poses,direct_mapping_with_gmr_motion_processing,unitree_g1,30.0,0.03333333333333333,300,36,35,"(300, 36)","(300, 3)","(300, 4)",,,
D:\GMR_WORK\GMR\outputs\final results\pkl direct\111_23_poses_unitree_g1_direct_mapping_gmr_motion_processing.pkl,True,True,True,111_23_poses,direct_mapping_with_gmr_motion_processing,unitree_g1,30.0,0.03333333333333333,283,36,35,"(283, 36)","(283, 3)","(283, 4)",,,
D:\GMR_WORK\GMR\outputs\final results\pkl direct\113_20_poses_unitree_g1_direct_mapping_gmr_motion_processing.pkl,True,True,True,113_20_poses,direct_mapping_with_gmr_motion_processing,unitree_g1,30.0,0.03333333333333333,362,36,35,"(362, 36)","(362, 3)","(362, 4)",,,
D:\GMR_WORK\GMR\outputs\final results\pkl direct\113_21_poses_unitree_g1_direct_mapping_gmr_motion_processing.pkl,True,True,True,113_21_poses,direct_mapping_with_gmr_motion_processing,unitree_g1,30.0,0.03333333333333333,342,36,35,"(342, 36)","(342, 3)","(342, 4)",,,
D:\GMR_WORK\GMR\outputs\final results\pkl direct\114_15_poses_unitree_g1_direct_mapping_gmr_motion_processing.pkl,True,True,True,114_15_poses,direct_mapping_with_gmr_motion_processing,unitree_g1,30.0,0.03333333333333333,346,36,35,"(346, 36)","(346, 3)","(346, 4)",,,
D:\GMR_WORK\GMR\outputs\final results\pkl direct\124_11_poses_unitree_g1_direct_mapping_gmr_motion_processing.pkl,True,True,True,124_11_poses,direct_mapping_with_gmr_motion_processing,unitree_g1,30.0,0.03333333333333333,250,36,35,"(250, 36)","(250, 3)","(250, 4)",,,
D:\GMR_WORK\GMR\outputs\final results\pkl direct\135_04_poses_unitree_g1_direct_mapping_gmr_motion_processing.pkl,True,True,True,135_04_poses,direct_mapping_with_gmr_motion_processing,unitree_g1,30.0,0.03333333333333333,329,36,35,"(329, 36)","(329, 3)","(329, 4)",,,
D:\GMR_WORK\GMR\outputs\final results\pkl direct\47_01_poses_unitree_g1_direct_mapping_gmr_motion_processing.pkl,True,True,True,47_01_poses,direct_mapping_with_gmr_motion_processing,unitree_g1,30.0,0.03333333333333333,330,36,35,"(330, 36)","(330, 3)","(330, 4)",,,
D:\GMR_WORK\GMR\outputs\final results\pkl direct\76_10_poses_unitree_g1_direct_mapping_gmr_motion_processing.pkl,True,True,True,76_10_poses,direct_mapping_with_gmr_motion_processing,unitree_g1,30.0,0.03333333333333333,342,36,35,"(342, 36)","(342, 3)","(342, 4)",,,
