motion_name,source_motion_pkl,output_pkl,video_path,video_error,success,failure_reason
05_04_poses_unitree_g1_gmr_optimised.pkl,/mnt/d/GMR_WORK/GMR/outputs/final results/pkl gmr optimised/05_04_poses_unitree_g1_gmr_optimised.pkl,/mnt/d/GMR_WORK/GMR/outputs/final results/pd tracking optimised/05_04_poses_unitree_g1_gmr_optimised_pd_tracking.pkl,/mnt/d/GMR_WORK/GMR/outputs/final results/pd tracking videos optimised/05_04_poses_unitree_g1_gmr_optimised_pd_tracking.mp4,,False,root height below threshold: 0.0603 < 0.25
111_23_poses_unitree_g1_gmr_optimised.pkl,/mnt/d/GMR_WORK/GMR/outputs/final results/pkl gmr optimised/111_23_poses_unitree_g1_gmr_optimised.pkl,/mnt/d/GMR_WORK/GMR/outputs/final results/pd tracking optimised/111_23_poses_unitree_g1_gmr_optimised_pd_tracking.pkl,/mnt/d/GMR_WORK/GMR/outputs/final results/pd tracking videos optimised/111_23_poses_unitree_g1_gmr_optimised_pd_tracking.mp4,,False,root height below threshold: 0.0546 < 0.25
113_20_poses_unitree_g1_gmr_optimised.pkl,/mnt/d/GMR_WORK/GMR/outputs/final results/pkl gmr optimised/113_20_poses_unitree_g1_gmr_optimised.pkl,/mnt/d/GMR_WORK/GMR/outputs/final results/pd tracking optimised/113_20_poses_unitree_g1_gmr_optimised_pd_tracking.pkl,/mnt/d/GMR_WORK/GMR/outputs/final results/pd tracking videos optimised/113_20_poses_unitree_g1_gmr_optimised_pd_tracking.mp4,,False,root height below threshold: 0.0971 < 0.25
113_21_poses_unitree_g1_gmr_optimised.pkl,/mnt/d/GMR_WORK/GMR/outputs/final results/pkl gmr optimised/113_21_poses_unitree_g1_gmr_optimised.pkl,/mnt/d/GMR_WORK/GMR/outputs/final results/pd tracking optimised/113_21_poses_unitree_g1_gmr_optimised_pd_tracking.pkl,/mnt/d/GMR_WORK/GMR/outputs/final results/pd tracking videos optimised/113_21_poses_unitree_g1_gmr_optimised_pd_tracking.mp4,,False,root height below threshold: 0.0602 < 0.25
114_15_poses_unitree_g1_gmr_optimised.pkl,/mnt/d/GMR_WORK/GMR/outputs/final results/pkl gmr optimised/114_15_poses_unitree_g1_gmr_optimised.pkl,/mnt/d/GMR_WORK/GMR/outputs/final results/pd tracking optimised/114_15_poses_unitree_g1_gmr_optimised_pd_tracking.pkl,/mnt/d/GMR_WORK/GMR/outputs/final results/pd tracking videos optimised/114_15_poses_unitree_g1_gmr_optimised_pd_tracking.mp4,,False,root height below threshold: 0.0983 < 0.25
124_11_poses_unitree_g1_gmr_optimised.pkl,/mnt/d/GMR_WORK/GMR/outputs/final results/pkl gmr optimised/124_11_poses_unitree_g1_gmr_optimised.pkl,/mnt/d/GMR_WORK/GMR/outputs/final results/pd tracking optimised/124_11_poses_unitree_g1_gmr_optimised_pd_tracking.pkl,/mnt/d/GMR_WORK/GMR/outputs/final results/pd tracking videos optimised/124_11_poses_unitree_g1_gmr_optimised_pd_tracking.mp4,,False,root height below threshold: 0.0616 < 0.25
135_04_poses_unitree_g1_gmr_optimised.pkl,/mnt/d/GMR_WORK/GMR/outputs/final results/pkl gmr optimised/135_04_poses_unitree_g1_gmr_optimised.pkl,/mnt/d/GMR_WORK/GMR/outputs/final results/pd tracking optimised/135_04_poses_unitree_g1_gmr_optimised_pd_tracking.pkl,/mnt/d/GMR_WORK/GMR/outputs/final results/pd tracking videos optimised/135_04_poses_unitree_g1_gmr_optimised_pd_tracking.mp4,,False,root height below threshold: 0.1035 < 0.25
47_01_poses_unitree_g1_gmr_optimised.pkl,/mnt/d/GMR_WORK/GMR/outputs/final results/pkl gmr optimised/47_01_poses_unitree_g1_gmr_optimised.pkl,/mnt/d/GMR_WORK/GMR/outputs/final results/pd tracking optimised/47_01_poses_unitree_g1_gmr_optimised_pd_tracking.pkl,/mnt/d/GMR_WORK/GMR/outputs/final results/pd tracking videos optimised/47_01_poses_unitree_g1_gmr_optimised_pd_tracking.mp4,,False,root height below threshold: 0.1291 < 0.25
76_10_poses_unitree_g1_gmr_optimised.pkl,/mnt/d/GMR_WORK/GMR/outputs/final results/pkl gmr optimised/76_10_poses_unitree_g1_gmr_optimised.pkl,/mnt/d/GMR_WORK/GMR/outputs/final results/pd tracking optimised/76_10_poses_unitree_g1_gmr_optimised_pd_tracking.pkl,/mnt/d/GMR_WORK/GMR/outputs/final results/pd tracking videos optimised/76_10_poses_unitree_g1_gmr_optimised_pd_tracking.mp4,,False,root height below threshold: 0.0587 < 0.25
