motion,registry,status,return_code,elapsed_sec,local_run_dir,stdout_log,wandb_url,wandb_run_url
08_01_gmr,wenboli787-university-of-glasgow-org/wandb-registry-motions/08_01_gmr:latest,ok,0,161.686,/mnt/d/GMR_WORK/GMR/outputs/gmr_to_mjlab_physics_20260702_103742/mjlab/rsl_rl_logs/g1_tracking/2026-07-02_10-49-59_gmr_to_mjlab_physics_20260702_103742_08_01_gmr,/mnt/d/GMR_WORK/GMR/outputs/gmr_to_mjlab_physics_20260702_103742/logs/mjlab_train_stdout/08_01_gmr.log,https://wandb.ai/wenboli787-university-of-glasgow/mjlab/runs/1xcllm6k,https://wandb.ai/wenboli787-university-of-glasgow/mjlab/runs/1xcllm6k
08_04_gmr,wenboli787-university-of-glasgow-org/wandb-registry-motions/08_04_gmr:latest,ok,0,117.051,/mnt/d/GMR_WORK/GMR/outputs/gmr_to_mjlab_physics_20260702_103742/mjlab/rsl_rl_logs/g1_tracking/2026-07-02_10-52-02_gmr_to_mjlab_physics_20260702_103742_08_04_gmr,/mnt/d/GMR_WORK/GMR/outputs/gmr_to_mjlab_physics_20260702_103742/logs/mjlab_train_stdout/08_04_gmr.log,https://wandb.ai/wenboli787-university-of-glasgow/mjlab/runs/lxswcpsh,https://wandb.ai/wenboli787-university-of-glasgow/mjlab/runs/lxswcpsh
08_05_gmr,wenboli787-university-of-glasgow-org/wandb-registry-motions/08_05_gmr:latest,ok,0,119.061,/mnt/d/GMR_WORK/GMR/outputs/gmr_to_mjlab_physics_20260702_103742/mjlab/rsl_rl_logs/g1_tracking/2026-07-02_10-53-59_gmr_to_mjlab_physics_20260702_103742_08_05_gmr,/mnt/d/GMR_WORK/GMR/outputs/gmr_to_mjlab_physics_20260702_103742/logs/mjlab_train_stdout/08_05_gmr.log,https://wandb.ai/wenboli787-university-of-glasgow/mjlab/runs/2xgl98lt,https://wandb.ai/wenboli787-university-of-glasgow/mjlab/runs/2xgl98lt
09_01_gmr,wenboli787-university-of-glasgow-org/wandb-registry-motions/09_01_gmr:latest,ok,0,119.606,/mnt/d/GMR_WORK/GMR/outputs/gmr_to_mjlab_physics_20260702_103742/mjlab/rsl_rl_logs/g1_tracking/2026-07-02_10-55-58_gmr_to_mjlab_physics_20260702_103742_09_01_gmr,/mnt/d/GMR_WORK/GMR/outputs/gmr_to_mjlab_physics_20260702_103742/logs/mjlab_train_stdout/09_01_gmr.log,https://wandb.ai/wenboli787-university-of-glasgow/mjlab/runs/ee30975w,https://wandb.ai/wenboli787-university-of-glasgow/mjlab/runs/ee30975w
09_12_gmr,wenboli787-university-of-glasgow-org/wandb-registry-motions/09_12_gmr:latest,ok,0,116.822,/mnt/d/GMR_WORK/GMR/outputs/gmr_to_mjlab_physics_20260702_103742/mjlab/rsl_rl_logs/g1_tracking/2026-07-02_10-57-57_gmr_to_mjlab_physics_20260702_103742_09_12_gmr,/mnt/d/GMR_WORK/GMR/outputs/gmr_to_mjlab_physics_20260702_103742/logs/mjlab_train_stdout/09_12_gmr.log,https://wandb.ai/wenboli787-university-of-glasgow/mjlab/runs/4aid49n6,https://wandb.ai/wenboli787-university-of-glasgow/mjlab/runs/4aid49n6
10_01_gmr,wenboli787-university-of-glasgow-org/wandb-registry-motions/10_01_gmr:latest,ok,0,118.571,/mnt/d/GMR_WORK/GMR/outputs/gmr_to_mjlab_physics_20260702_103742/mjlab/rsl_rl_logs/g1_tracking/2026-07-02_10-59-55_gmr_to_mjlab_physics_20260702_103742_10_01_gmr,/mnt/d/GMR_WORK/GMR/outputs/gmr_to_mjlab_physics_20260702_103742/logs/mjlab_train_stdout/10_01_gmr.log,https://wandb.ai/wenboli787-university-of-glasgow/mjlab/runs/uqw1ku19,https://wandb.ai/wenboli787-university-of-glasgow/mjlab/runs/uqw1ku19
13_01_gmr,wenboli787-university-of-glasgow-org/wandb-registry-motions/13_01_gmr:latest,ok,0,115.397,/mnt/d/GMR_WORK/GMR/outputs/gmr_to_mjlab_physics_20260702_103742/mjlab/rsl_rl_logs/g1_tracking/2026-07-02_11-01-51_gmr_to_mjlab_physics_20260702_103742_13_01_gmr,/mnt/d/GMR_WORK/GMR/outputs/gmr_to_mjlab_physics_20260702_103742/logs/mjlab_train_stdout/13_01_gmr.log,https://wandb.ai/wenboli787-university-of-glasgow/mjlab/runs/l1munm0r,https://wandb.ai/wenboli787-university-of-glasgow/mjlab/runs/l1munm0r
13_11_gmr,wenboli787-university-of-glasgow-org/wandb-registry-motions/13_11_gmr:latest,ok,0,118.865,/mnt/d/GMR_WORK/GMR/outputs/gmr_to_mjlab_physics_20260702_103742/mjlab/rsl_rl_logs/g1_tracking/2026-07-02_11-03-49_gmr_to_mjlab_physics_20260702_103742_13_11_gmr,/mnt/d/GMR_WORK/GMR/outputs/gmr_to_mjlab_physics_20260702_103742/logs/mjlab_train_stdout/13_11_gmr.log,https://wandb.ai/wenboli787-university-of-glasgow/mjlab/runs/3kanfjie,https://wandb.ai/wenboli787-university-of-glasgow/mjlab/runs/3kanfjie
13_17_gmr,wenboli787-university-of-glasgow-org/wandb-registry-motions/13_17_gmr:latest,ok,0,118.006,/mnt/d/GMR_WORK/GMR/outputs/gmr_to_mjlab_physics_20260702_103742/mjlab/rsl_rl_logs/g1_tracking/2026-07-02_11-05-47_gmr_to_mjlab_physics_20260702_103742_13_17_gmr,/mnt/d/GMR_WORK/GMR/outputs/gmr_to_mjlab_physics_20260702_103742/logs/mjlab_train_stdout/13_17_gmr.log,https://wandb.ai/wenboli787-university-of-glasgow/mjlab/runs/tkzxjh16,https://wandb.ai/wenboli787-university-of-glasgow/mjlab/runs/tkzxjh16
