"motion_name","source_motion_file","pkl_file","video_file","status","log_file"
"08_01_poses","/mnt/d/GMR_WORK/final use mode/08_01_poses.npz","/mnt/d/GMR_WORK/GMR/outputs/final product/pkl GMR/08_01_poses_unitree_g1_gmr.pkl","/mnt/d/GMR_WORK/GMR/outputs/final product/videos GMR/08_01_poses_unitree_g1_gmr.mp4","ok","/mnt/d/GMR_WORK/GMR/outputs/final product/logs GMR/08_01_poses_unitree_g1_gmr_video.log"
"08_04_poses","/mnt/d/GMR_WORK/final use mode/08_04_poses.npz","/mnt/d/GMR_WORK/GMR/outputs/final product/pkl GMR/08_04_poses_unitree_g1_gmr.pkl","/mnt/d/GMR_WORK/GMR/outputs/final product/videos GMR/08_04_poses_unitree_g1_gmr.mp4","ok","/mnt/d/GMR_WORK/GMR/outputs/final product/logs GMR/08_04_poses_unitree_g1_gmr_video.log"
"08_05_poses","/mnt/d/GMR_WORK/final use mode/08_05_poses.npz","/mnt/d/GMR_WORK/GMR/outputs/final product/pkl GMR/08_05_poses_unitree_g1_gmr.pkl","/mnt/d/GMR_WORK/GMR/outputs/final product/videos GMR/08_05_poses_unitree_g1_gmr.mp4","ok","/mnt/d/GMR_WORK/GMR/outputs/final product/logs GMR/08_05_poses_unitree_g1_gmr_video.log"
"09_01_poses","/mnt/d/GMR_WORK/final use mode/09_01_poses.npz","/mnt/d/GMR_WORK/GMR/outputs/final product/pkl GMR/09_01_poses_unitree_g1_gmr.pkl","/mnt/d/GMR_WORK/GMR/outputs/final product/videos GMR/09_01_poses_unitree_g1_gmr.mp4","ok","/mnt/d/GMR_WORK/GMR/outputs/final product/logs GMR/09_01_poses_unitree_g1_gmr_video.log"
"09_12_poses","/mnt/d/GMR_WORK/final use mode/09_12_poses.npz","/mnt/d/GMR_WORK/GMR/outputs/final product/pkl GMR/09_12_poses_unitree_g1_gmr.pkl","/mnt/d/GMR_WORK/GMR/outputs/final product/videos GMR/09_12_poses_unitree_g1_gmr.mp4","ok","/mnt/d/GMR_WORK/GMR/outputs/final product/logs GMR/09_12_poses_unitree_g1_gmr_video.log"
"10_01_poses","/mnt/d/GMR_WORK/final use mode/10_01_poses.npz","/mnt/d/GMR_WORK/GMR/outputs/final product/pkl GMR/10_01_poses_unitree_g1_gmr.pkl","/mnt/d/GMR_WORK/GMR/outputs/final product/videos GMR/10_01_poses_unitree_g1_gmr.mp4","ok","/mnt/d/GMR_WORK/GMR/outputs/final product/logs GMR/10_01_poses_unitree_g1_gmr_video.log"
"13_01_poses","/mnt/d/GMR_WORK/final use mode/13_01_poses.npz","/mnt/d/GMR_WORK/GMR/outputs/final product/pkl GMR/13_01_poses_unitree_g1_gmr.pkl","/mnt/d/GMR_WORK/GMR/outputs/final product/videos GMR/13_01_poses_unitree_g1_gmr.mp4","ok","/mnt/d/GMR_WORK/GMR/outputs/final product/logs GMR/13_01_poses_unitree_g1_gmr_video.log"
"13_11_poses","/mnt/d/GMR_WORK/final use mode/13_11_poses.npz","/mnt/d/GMR_WORK/GMR/outputs/final product/pkl GMR/13_11_poses_unitree_g1_gmr.pkl","/mnt/d/GMR_WORK/GMR/outputs/final product/videos GMR/13_11_poses_unitree_g1_gmr.mp4","ok","/mnt/d/GMR_WORK/GMR/outputs/final product/logs GMR/13_11_poses_unitree_g1_gmr_video.log"
"13_17_poses","/mnt/d/GMR_WORK/final use mode/13_17_poses.npz","/mnt/d/GMR_WORK/GMR/outputs/final product/pkl GMR/13_17_poses_unitree_g1_gmr.pkl","/mnt/d/GMR_WORK/GMR/outputs/final product/videos GMR/13_17_poses_unitree_g1_gmr.mp4","ok","/mnt/d/GMR_WORK/GMR/outputs/final product/logs GMR/13_17_poses_unitree_g1_gmr_video.log"
