-0.63259549,0.31949085,0.78166601,-0.01524425,0.01857425,-0.27646629,0.96072316,0.08124965,0.08116177,0.21940659,0.15302219,-0.40178803,0.03061670,-0.12709996,-0.14690181,-0.03269120,0.31972372,-0.26832817,0.08527609,-0.20018765,0.05689992,-0.03548545,0.01373720,0.25427227,-0.19254083,1.02007469,0.14491425,-0.09559038,-0.04480000,0.01237570,-0.22282160,0.03328849,1.18436979,0.17335477,-0.05232288,-0.02224687
-0.63237930,0.31992275,0.78148518,-0.01481754,0.02010375,-0.27565366,0.96093254,0.07410657,0.08076855,0.21658099,0.15839706,-0.40313251,0.03027115,-0.13166808,-0.14828336,-0.03367027,0.32288158,-0.27030307,0.08517314,-0.20088974,0.05759296,-0.03899872,0.00810267,0.24739396,-0.19201656,1.03884902,0.14123403,-0.10704028,-0.03721347,0.00139773,-0.22593313,0.02819218,1.20346868,0.17967945,-0.06754895,-0.02639159
-0.63240449,0.32041994,0.78148531,-0.01454603,0.01977965,-0.27420440,0.96135796,0.07206670,0.07986854,0.21400925,0.16120523,-0.40372616,0.03133539,-0.13240444,-0.14943948,-0.03288256,0.32633786,-0.27133069,0.08451978,-0.19890929,0.05575371,-0.04069671,0.00697204,0.24234824,-0.19052551,1.04729559,0.13415071,-0.11088136,-0.03835181,-0.00061844,-0.22610253,0.02319013,1.20662513,0.18663272,-0.07229481,-0.02839943
-0.63214288,0.32094195,0.78149423,-0.01394744,0.02041209,-0.27321956,0.96163397,0.07203322,0.07765100,0.21314216,0.15704035,-0.40207820,0.03279423,-0.13540886,-0.15269380,-0.03674918,0.33031655,-0.27323341,0.08327500,-0.19586452,0.05454301,-0.04484998,0.00744226,0.23806724,-0.19062245,1.05444854,0.12242197,-0.10427354,-0.04428373,0.00082884,-0.22608311,0.02551926,1.20176781,0.19262516,-0.07225118,-0.02643151
-0.63189781,0.32137000,0.78145341,-0.01374493,0.02057883,-0.27128215,0.96218168,0.07318506,0.07592752,0.21062498,0.15226385,-0.40110285,0.03159499,-0.13591381,-0.15434089,-0.03790509,0.33318147,-0.27600078,0.08229930,-0.19427247,0.05309188,-0.04630311,0.00917461,0.23663434,-0.19429117,1.05782605,0.12509786,-0.10526380,-0.05141584,0.00268699,-0.22434186,0.02842961,1.19705100,0.18745923,-0.07015141,-0.02515100
-0.63209755,0.32172858,0.78145362,-0.01387458,0.02037704,-0.26856624,0.96294571,0.07182958,0.07568732,0.20664534,0.15274149,-0.39974642,0.03013730,-0.13461704,-0.15644407,-0.04343174,0.33424884,-0.27647463,0.08206890,-0.19092576,0.05095706,-0.04607804,0.00686597,0.23532705,-0.19593103,1.06181593,0.12707517,-0.10730991,-0.04208240,0.00350445,-0.21906213,0.03155469,1.19444805,0.19053230,-0.07131877,-0.02759145
-0.63194070,0.32192115,0.78129554,-0.01412460,0.01978230,-0.26709798,0.96336277,0.07319697,0.07517566,0.20360300,0.15229860,-0.39833916,0.02914544,-0.13106652,-0.15758269,-0.04573136,0.33365145,-0.27784519,0.08273605,-0.18192218,0.04874938,-0.04401582,0.00245065,0.23335440,-0.20140816,1.06726454,0.13191850,-0.11065983,-0.02985973,0.00422579,-0.21178939,0.03347839,1.19061229,0.19590737,-0.07193937,-0.02635162
-0.63152507,0.32205055,0.78128304,-0.01449680,0.01847430,-0.26544586,0.96383974,0.07576579,0.07463013,0.20194953,0.15335392,-0.39949353,0.03086255,-0.12578035,-0.15947517,-0.05005976,0.33265893,-0.27860578,0.08132315,-0.17799332,0.04721059,-0.04196902,0.00636643,0.23252656,-0.20614112,1.06603627,0.13133680,-0.11108100,-0.03443596,0.00393807,-0.20590436,0.04087509,1.18860370,0.19319028,-0.07162285,-0.02181259
-0.63172200,0.32189512,0.78131277,-0.01458629,0.01852229,-0.26596924,0.96369317,0.07594845,0.07510443,0.20371912,0.15313994,-0.39945820,0.03019597,-0.12700248,-0.15835191,-0.04896239,0.33389169,-0.27871157,0.08090638,-0.16893642,0.04635533,-0.04249505,0.01126070,0.23381711,-0.22152729,1.06632109,0.14815501,-0.11461438,-0.03625680,0.00367102,-0.19948658,0.04702740,1.18670171,0.19178062,-0.07061903,-0.02338471
-0.63131812,0.32174305,0.78140830,-0.01478991,0.01848933,-0.26454213,0.96408343,0.07672300,0.07478416,0.20084788,0.15191652,-0.39912692,0.02985273,-0.12431466,-0.15834677,-0.05072268,0.33121982,-0.27837187,0.08168739,-0.16360131,0.04563996,-0.04454823,0.01632174,0.22860171,-0.21539979,1.06405681,0.13539901,-0.10779662,-0.03664538,0.00257343,-0.19081493,0.04748951,1.18720044,0.19064975,-0.07018315,-0.02056349
-0.63155417,0.32151078,0.78154421,-0.01501989,0.01904988,-0.26204408,0.96475096,0.07280856,0.07552745,0.19631719,0.15609373,-0.40082718,0.02954138,-0.12370885,-0.15890257,-0.05627367,0.33172105,-0.27888977,0.08074012,-0.16166947,0.04528504,-0.04753436,0.02339273,0.22992511,-0.22955758,1.06638714,0.16265348,-0.11997392,-0.03963365,0.00384846,-0.18444901,0.05347978,1.18581336,0.18329271,-0.07523866,-0.01719665
-0.63182340,0.32121966,0.78172977,-0.01475269,0.01963824,-0.26066272,0.96511742,0.07064598,0.07520528,0.19262447,0.15730382,-0.40008476,0.03023669,-0.12328926,-0.15970322,-0.05910798,0.33136163,-0.27879992,0.08006695,-0.15352051,0.04426204,-0.05108636,0.02424868,0.22491833,-0.21920024,1.06843938,0.15214409,-0.11254993,-0.04578996,0.00600209,-0.18063485,0.05916835,1.18459054,0.16769588,-0.07430590,-0.01605217
-0.63182839,0.32103261,0.78175300,-0.01454358,0.01898785,-0.26108926,0.96501831,0.07182362,0.07530440,0.19486717,0.15830943,-0.39997440,0.03011240,-0.12253157,-0.16013317,-0.05832581,0.33203044,-0.28020737,0.07896963,-0.15007230,0.04156531,-0.04805709,0.03171702,0.22265715,-0.21479864,1.06176047,0.14338481,-0.10389553,-0.04098383,0.00204108,-0.17357013,0.06431684,1.18019549,0.16892289,-0.07158476,-0.01574617
-0.63180924,0.32100388,0.78185598,-0.01472112,0.01867856,-0.25992037,0.96533714,0.07225122,0.07521310,0.19153087,0.15773984,-0.39961287,0.03030445,-0.12132067,-0.16059053,-0.06109685,0.33253488,-0.28098884,0.07829844,-0.14884234,0.04137913,-0.04954779,0.03742342,0.21649048,-0.20731118,1.06315038,0.12592789,-0.09270367,-0.04557499,0.00062963,-0.16530188,0.06733317,1.17432649,0.18206961,-0.07278673,0.00087065
-0.63153019,0.32088717,0.78193553,-0.01470908,0.01848421,-0.25835443,0.96576134,0.07355077,0.07489929,0.18868373,0.15561989,-0.39908827,0.02944485,-0.11898176,-0.16167960,-0.06395767,0.33257090,-0.28169843,0.07788809,-0.14755981,0.04012223,-0.05099979,0.04133682,0.21316641,-0.20505724,1.06645797,0.12451297,-0.08949459,-0.04755840,0.00168726,-0.16398979,0.07200385,1.17212165,0.17804607,-0.07204217,-0.00171789
-0.63122276,0.32086350,0.78194222,-0.01476157,0.01819809,-0.25684900,0.96616744,0.07505948,0.07415126,0.18434188,0.15361580,-0.39843736,0.02971482,-0.11604392,-0.16356596,-0.06889941,0.33183190,-0.28241424,0.07757558,-0.14709044,0.03899799,-0.05176703,0.04689750,0.20823783,-0.19943619,1.06787084,0.11048081,-0.07997374,-0.04696189,0.00277481,-0.16145773,0.07562861,1.16726418,0.18203168,-0.07077316,0.00269722
-0.63090897,0.32088236,0.78195273,-0.01496630,0.01872794,-0.25515023,0.96660418,0.07429815,0.07483336,0.18020796,0.15150800,-0.39598089,0.02692380,-0.11497330,-0.16339554,-0.07172739,0.33037289,-0.28321910,0.07819322,-0.14336005,0.03945007,-0.05598231,0.04684367,0.20018635,-0.17707923,1.07154985,0.09040160,-0.06660640,-0.04589548,0.00816754,-0.16224143,0.07541824,1.16370100,0.18240475,-0.06945293,0.00239032
-0.63160857,0.32102956,0.78187820,-0.01487933,0.01943600,-0.25224548,0.96735364,0.06879127,0.07476270,0.17332614,0.15529067,-0.39583647,0.02433210,-0.11574976,-0.16458068,-0.07625394,0.33227944,-0.28418441,0.07762237,-0.14177694,0.03926592,-0.05868442,0.05085980,0.20850624,-0.22453203,1.08536263,0.15554798,-0.10619370,-0.04610699,0.00657408,-0.16347376,0.07887438,1.16874884,0.18208727,-0.07549984,-0.00232526
-0.63144881,0.32103912,0.78189354,-0.01465377,0.01903373,-0.25042374,0.96783828,0.06914643,0.07338018,0.16887635,0.15509472,-0.39581553,0.02376065,-0.11364950,-0.16648377,-0.07925640,0.33204231,-0.28436584,0.07668004,-0.13579137,0.03674672,-0.05714307,0.04613618,0.20430133,-0.21555115,1.08797606,0.13046281,-0.10067649,-0.05133937,0.00544120,-0.16652166,0.07629558,1.17315747,0.17213170,-0.07153007,0.00191588
-0.63145879,0.32094132,0.78189178,-0.01466682,0.01907354,-0.24611150,0.96894283,0.06818386,0.07215563,0.15912799,0.15370541,-0.39484555,0.02481385,-0.10929256,-0.16903505,-0.08777941,0.32948749,-0.28394314,0.07566945,-0.13640339,0.03527977,-0.05596373,0.04445671,0.20485716,-0.21662220,1.08450230,0.12012057,-0.09746189,-0.05301378,0.00518184,-0.16766669,0.07836943,1.17600883,0.18087999,-0.07327243,-0.00105564
-0.63194802,0.32084167,0.78208767,-0.01409736,0.01979616,-0.24058532,0.97032370,0.06297811,0.07065842,0.14911180,0.15629027,-0.39467945,0.02312249,-0.10633138,-0.17293931,-0.09921216,0.32738814,-0.28455595,0.07624841,-0.13414590,0.03293986,-0.05806905,0.04189325,0.20732138,-0.21772802,1.07894789,0.12681875,-0.09966517,-0.05429326,0.01006794,-0.16983103,0.07338420,1.17814226,0.18053510,-0.07349270,0.00286614
-0.63193134,0.32057374,0.78221213,-0.01408257,0.01966080,-0.23689709,0.97123370,0.06234870,0.07012313,0.14310302,0.15590671,-0.39337206,0.02071552,-0.10270454,-0.17510009,-0.10656305,0.32654261,-0.28468827,0.07617712,-0.12886364,0.03138737,-0.05739435,0.04024976,0.20892996,-0.21407004,1.07116015,0.13074667,-0.09968849,-0.05709610,0.01307087,-0.17280356,0.06898604,1.18092604,0.17507506,-0.07357501,0.00436151
-0.63220060,0.32016750,0.78229597,-0.01394694,0.02014216,-0.23360345,0.97202325,0.06044062,0.06991775,0.13706575,0.15483825,-0.39246884,0.02047171,-0.10133345,-0.17644185,-0.11343026,0.32581553,-0.28566573,0.07488601,-0.11996259,0.03097499,-0.05753264,0.03514843,0.21232492,-0.21884500,1.06517165,0.13368931,-0.09941301,-0.06005324,0.01781108,-0.17629234,0.07024020,1.18077729,0.17980200,-0.07250824,0.00332833
-0.63250148,0.31972985,0.78240510,-0.01379732,0.02014943,-0.22997879,0.97288920,0.05895866,0.06958248,0.13092597,0.15471795,-0.39019691,0.01798468,-0.09821714,-0.17860278,-0.12241304,0.32466185,-0.28566392,0.07478593,-0.11038657,0.02891738,-0.05585158,0.03105521,0.21452044,-0.21436824,1.05700262,0.12555364,-0.09979358,-0.05830875,0.01701051,-0.17739573,0.06261536,1.18940580,0.18034764,-0.07276979,0.00030793
-0.63273440,0.31910496,0.78257111,-0.01352069,0.02080543,-0.22675916,0.97363474,0.05590058,0.06934141,0.12477460,0.15539502,-0.39040478,0.01738220,-0.09660903,-0.17972515,-0.12854413,0.32375253,-0.28717118,0.07474515,-0.10379993,0.02890247,-0.05640930,0.03191980,0.21735651,-0.21027432,1.04628373,0.12207700,-0.10152115,-0.05403552,0.02069652,-0.18127482,0.06404755,1.18860449,0.17953767,-0.07241214,-0.00067552
-0.63284808,0.31856557,0.78266835,-0.01313202,0.02091581,-0.22488936,0.97407128,0.05499085,0.06882852,0.12124223,0.15467699,-0.38883515,0.01774642,-0.09558766,-0.18077740,-0.13167087,0.32384102,-0.28760839,0.07407050,-0.09491163,0.02923408,-0.05631370,0.03031697,0.21972358,-0.20643741,1.04279145,0.11627359,-0.10393224,-0.04750345,0.01910199,-0.18524036,0.06431851,1.19191156,0.17975096,-0.06913300,-0.00555974
-0.63288234,0.31780390,0.78276956,-0.01287296,0.02112386,-0.22197820,0.97473778,0.05313066,0.06857858,0.11540489,0.15529343,-0.38753248,0.01739417,-0.09211196,-0.18208480,-0.13871974,0.32064060,-0.28790357,0.07366481,-0.08688277,0.03016306,-0.05615642,0.03194677,0.22581071,-0.20527677,1.03409032,0.10485778,-0.10608738,-0.05226003,0.02269466,-0.19183523,0.06209701,1.19090836,0.18175463,-0.07182451,-0.00406913
-0.63325220,0.31724315,0.78293624,-0.01200700,0.02116664,-0.22123790,0.97491620,0.05178413,0.06800383,0.11609573,0.15728939,-0.38671161,0.01783632,-0.09217461,-0.18335403,-0.13950861,0.32097899,-0.28776344,0.07341237,-0.08011683,0.03042701,-0.05507255,0.03225784,0.23835574,-0.20016097,1.02655512,0.09267587,-0.10787001,-0.05779561,0.02305027,-0.19968158,0.05982643,1.18206029,0.18807006,-0.07200977,-0.00544263
-0.63309428,0.31649083,0.78310045,-0.01195828,0.02132303,-0.21829540,0.97557647,0.05006548,0.06810592,0.11201694,0.15922600,-0.38548688,0.01898358,-0.08971984,-0.18416376,-0.14598147,0.32078720,-0.28881328,0.07282261,-0.07505178,0.03296790,-0.05571729,0.03392465,0.25588661,-0.19581577,1.01616827,0.09166541,-0.10661652,-0.06501824,0.03276001,-0.21052383,0.05059950,1.16429744,0.19086126,-0.07635468,-0.00746320
-0.63413620,0.31600288,0.78335731,-0.01160180,0.02159962,-0.21579645,0.97613050,0.04584801,0.06842160,0.10917465,0.16298699,-0.38529348,0.01553956,-0.09134644,-0.18543053,-0.15205436,0.32463954,-0.29080455,0.07280149,-0.06976109,0.03482446,-0.05516717,0.03095379,0.27808676,-0.18920610,1.01135718,0.09252024,-0.11297169,-0.06557721,0.04048903,-0.22268735,0.03958201,1.14523084,0.19619790,-0.08136824,-0.01106844
-0.63426984,0.31535496,0.78331639,-0.01099182,0.02198441,-0.21494724,0.97631632,0.04462068,0.06821299,0.10903446,0.16286077,-0.38328622,0.01708938,-0.09418988,-0.18599118,-0.15202218,0.32929800,-0.29454540,0.07422215,-0.06413108,0.03610549,-0.05665232,0.02640461,0.29755813,-0.16399120,1.01114905,0.08630624,-0.09430116,-0.06175874,0.04767745,-0.23596557,0.02651072,1.13001241,0.19991845,-0.08425222,-0.00957286
-0.63423639,0.31471874,0.78311260,-0.01096907,0.02179991,-0.21387243,0.97655672,0.04456462,0.06914034,0.10941972,0.16319796,-0.38335175,0.01635667,-0.09398442,-0.18632935,-0.15490322,0.33147175,-0.29618161,0.07307865,-0.06299691,0.03920818,-0.05610719,0.02825032,0.32093502,-0.15719297,1.01602161,0.08508848,-0.10371313,-0.04720491,0.04966802,-0.25089847,0.02040694,1.12110952,0.20818893,-0.08835720,-0.01473231
-0.63508090,0.31403615,0.78315501,-0.01064771,0.02218578,-0.21263258,0.97682230,0.04051381,0.07020457,0.10752145,0.16597042,-0.38175891,0.01392340,-0.09557024,-0.18635813,-0.15778738,0.33317244,-0.29605641,0.07261801,-0.06458726,0.04143797,-0.05717084,0.02357464,0.33914916,-0.13092245,1.02795379,0.07052796,-0.10453770,-0.02854459,0.04408995,-0.26371124,0.01379738,1.12529303,0.21245201,-0.08738088,-0.02005074
-0.63507355,0.31374357,0.78303698,-0.01035834,0.02182700,-0.21356152,0.97663082,0.03987292,0.07119237,0.11194602,0.16933336,-0.38213372,0.01285097,-0.09326275,-0.18653720,-0.15910705,0.32881322,-0.29330730,0.07415423,-0.06308947,0.04477926,-0.05688535,0.02082799,0.35264862,-0.10918072,1.03986450,0.05809177,-0.10002974,-0.00893152,0.04004036,-0.27839394,0.01017281,1.13099147,0.21408945,-0.08340890,-0.02298593
-0.63656577,0.31363980,0.78296945,-0.00970535,0.02215268,-0.21644003,0.97599630,0.03845275,0.07124886,0.11590503,0.16846448,-0.38409893,0.01442801,-0.10043266,-0.18464677,-0.15095047,0.33314290,-0.29286593,0.07574004,-0.06068966,0.04745006,-0.05679494,0.01443693,0.36293771,-0.08696996,1.05686065,0.04866037,-0.09723781,0.00909053,0.02652993,-0.28772826,0.00365744,1.14559631,0.21778262,-0.08392215,-0.02724026
-0.63663366,0.31345019,0.78289466,-0.00957382,0.02184264,-0.21972703,0.97526985,0.04123538,0.07192739,0.12296324,0.16691542,-0.38469525,0.01489954,-0.10283076,-0.18328288,-0.14551365,0.33477245,-0.29375775,0.07735446,-0.06050997,0.05129794,-0.05766271,0.00935594,0.36865919,-0.07076776,1.07652425,0.03187272,-0.09264107,0.02112619,0.01639111,-0.29446080,0.00159709,1.15703438,0.22464344,-0.08200655,-0.03110847
-0.63682142,0.31377585,0.78275882,-0.00936164,0.02211375,-0.22252339,0.97463156,0.03968773,0.07239978,0.12879949,0.17146231,-0.38715389,0.01682338,-0.10580158,-0.18150357,-0.13879986,0.33321411,-0.29034244,0.07945221,-0.06244245,0.05739673,-0.06030065,0.00535921,0.36917831,-0.06186787,1.09754188,0.02183724,-0.09265440,0.02476720,0.01092105,-0.30041242,-0.00177954,1.15880829,0.22928908,-0.08533856,-0.03169886
-0.63779848,0.31413931,0.78297120,-0.00919833,0.02282787,-0.22572403,0.97388035,0.03692162,0.07376723,0.13472524,0.17353322,-0.38837297,0.01812548,-0.11063877,-0.18043556,-0.13577924,0.33257863,-0.28801982,0.08093279,-0.06587063,0.06329123,-0.06268030,0.00294007,0.36634386,-0.05377235,1.10884621,0.00714904,-0.08700780,0.02585541,0.00881462,-0.30341083,-0.00730398,1.15221708,0.23753083,-0.08480979,-0.03594156
-0.63827622,0.31433937,0.78293323,-0.00842531,0.02390549,-0.23115417,0.97258691,0.03575898,0.07442799,0.14643248,0.17432603,-0.38910111,0.01933775,-0.11675779,-0.17769853,-0.12316444,0.33121947,-0.28505076,0.08634340,-0.07179481,0.06883860,-0.06590040,0.00143829,0.36328465,-0.05086215,1.11694313,0.00484884,-0.09325012,0.02764751,0.00425651,-0.30094845,-0.01308842,1.14022517,0.25234148,-0.09064349,-0.04369973
-0.63810164,0.31460294,0.78308291,-0.00844277,0.02510109,-0.23497699,0.97164009,0.03500796,0.07533896,0.15431168,0.17491583,-0.39004916,0.02077856,-0.11981866,-0.17451809,-0.11485327,0.32661426,-0.28118955,0.08956985,-0.08451825,0.07603954,-0.06973652,0.00512033,0.35859985,-0.05379526,1.11476193,0.00484644,-0.09577833,0.02756969,0.00298679,-0.30075020,-0.01740811,1.12558758,0.25352292,-0.09329574,-0.04560674
-0.63937615,0.31508193,0.78336286,-0.00780337,0.02665095,-0.24049433,0.97025322,0.03160335,0.07706108,0.16551513,0.17497928,-0.38942622,0.01980501,-0.12754448,-0.17109210,-0.10252396,0.32306220,-0.27622360,0.09390376,-0.09698584,0.07982282,-0.07244957,0.00206916,0.35631932,-0.05175685,1.11387431,0.00491711,-0.09533109,0.02568808,0.00052290,-0.29731288,-0.02856991,1.11158022,0.24719910,-0.09456965,-0.05269455
-0.64021221,0.31575046,0.78370428,-0.00736313,0.02827535,-0.24571897,0.96890065,0.03046322,0.07759286,0.17487151,0.17183995,-0.38861007,0.02374480,-0.13594948,-0.16798248,-0.09211026,0.32101440,-0.27170435,0.09801040,-0.11279558,0.08353585,-0.07451910,-0.00316055,0.35359827,-0.05133222,1.11073948,0.00334298,-0.09727210,0.02328312,0.00194424,-0.29223776,-0.03451704,1.09344015,0.24838095,-0.09783451,-0.05190280
-0.64196095,0.31608028,0.78378014,-0.00693805,0.02978025,-0.25387193,0.96675439,0.02990342,0.07986182,0.19025621,0.16786784,-0.38681190,0.02352772,-0.14944484,-0.16197888,-0.07501690,0.32499728,-0.27046298,0.09862348,-0.12825882,0.08451650,-0.07416688,-0.01589447,0.35638564,-0.05225510,1.11001625,-0.00255235,-0.09622128,0.02204281,-0.00162475,-0.28462487,-0.03482994,1.08229807,0.24709101,-0.09952742,-0.05257866
-0.64282972,0.31636823,0.78380584,-0.00631787,0.03074907,-0.26253781,0.96441095,0.03199811,0.08137784,0.20610238,0.16374103,-0.38586527,0.02499202,-0.15751241,-0.15562144,-0.05455681,0.32198635,-0.26625587,0.10361110,-0.14994277,0.08516250,-0.07090556,-0.02333495,0.35774391,-0.05346280,1.10148378,-0.01147613,-0.09497123,0.03045686,-0.00619214,-0.27817443,-0.03128126,1.07339775,0.24669415,-0.09745009,-0.05648871
-0.64364349,0.31693619,0.78345786,-0.00568575,0.03111685,-0.27251925,0.96163022,0.03605136,0.08195477,0.22392099,0.15796665,-0.38429102,0.02677122,-0.16778032,-0.14982405,-0.03286399,0.32367213,-0.26631926,0.10641508,-0.17043050,0.08491362,-0.06800603,-0.03650760,0.36033380,-0.05705968,1.09840522,-0.01647665,-0.08927724,0.02585197,-0.01411910,-0.27332419,-0.03071733,1.07895013,0.24368942,-0.09808319,-0.05772160
-0.64410764,0.31746830,0.78341119,-0.00550831,0.03265620,-0.28197715,0.95884937,0.03895959,0.08364204,0.23772470,0.15055462,-0.38603696,0.02710765,-0.17827828,-0.14271863,-0.01389979,0.32460159,-0.26455560,0.11390093,-0.19559785,0.08945403,-0.07065191,-0.04504282,0.35848528,-0.05257073,1.09466896,-0.01028406,-0.09163388,0.03087633,-0.01372554,-0.27088364,-0.03165449,1.08168803,0.24401633,-0.09608533,-0.05450579
-0.64482585,0.31860908,0.78349492,-0.00542450,0.03350145,-0.29169999,0.95590760,0.04009417,0.08541080,0.25236612,0.14848139,-0.38661821,0.02747252,-0.19013422,-0.13568544,0.00524260,0.32948115,-0.26416884,0.11621156,-0.22289296,0.09361379,-0.07061534,-0.05190116,0.35665515,-0.05277728,1.08523796,-0.01110667,-0.09913574,0.04139493,-0.01746998,-0.26866051,-0.03772192,1.09319229,0.24955335,-0.09576758,-0.06224325
-0.64444637,0.31946181,0.78339936,-0.00453445,0.03334562,-0.30075050,0.95310894,0.04178623,0.08377920,0.26039808,0.14824766,-0.39218880,0.03491138,-0.19673305,-0.13252789,0.02244090,0.33075041,-0.26277109,0.12008699,-0.25345885,0.09361020,-0.06528740,-0.05639109,0.35710701,-0.05639705,1.06881927,-0.00904851,-0.10303656,0.04530533,-0.01910088,-0.26746627,-0.04535108,1.10458057,0.25102007,-0.09298808,-0.06462001
-0.64402117,0.31995808,0.78328971,-0.00519252,0.03393536,-0.30697127,0.95109940,0.04632407,0.08601443,0.27205949,0.14350915,-0.38782370,0.02912474,-0.20257545,-0.12688746,0.03209773,0.33277481,-0.26117429,0.11883970,-0.28495339,0.09806011,-0.06396298,-0.06357392,0.35505491,-0.05752585,1.05344439,-0.00950791,-0.10495241,0.04723370,-0.01633650,-0.26804215,-0.05673674,1.11996843,0.26128510,-0.09211893,-0.06519120
-0.64374919,0.32030505,0.78297744,-0.00588964,0.03401012,-0.31008595,0.95008175,0.04818033,0.08743547,0.27481803,0.14173261,-0.38952632,0.02665132,-0.20637360,-0.12260301,0.03996694,0.33649479,-0.26188561,0.11632524,-0.32169214,0.09986061,-0.05890569,-0.07636409,0.35942656,-0.06937127,1.04459027,0.00427233,-0.11565534,0.05028340,-0.01326819,-0.27036065,-0.06857827,1.13624975,0.26605384,-0.09112506,-0.06646328
-0.64352416,0.32117227,0.78283853,-0.00629097,0.03333602,-0.31282688,0.94920413,0.04998715,0.08802673,0.27948334,0.14220222,-0.38976256,0.02705643,-0.21076647,-0.12043348,0.04654702,0.34352079,-0.26243663,0.11278663,-0.35314521,0.10114331,-0.05498704,-0.08603379,0.36095246,-0.08118134,1.02993250,0.00759022,-0.11819267,0.04635684,-0.00413472,-0.27206259,-0.08472169,1.15028262,0.27675040,-0.09101202,-0.07465370
-0.64174140,0.32115099,0.78251520,-0.00821275,0.03277715,-0.31223645,0.94940329,0.05663383,0.08910750,0.27611920,0.13643761,-0.38737036,0.02397971,-0.20796004,-0.11899312,0.04419788,0.34762910,-0.26727329,0.11124155,-0.38482398,0.10409693,-0.04900639,-0.09803061,0.36457788,-0.08816634,1.01092144,0.01720327,-0.12140398,0.04422360,0.01141885,-0.27709182,-0.10250823,1.16037332,0.28553915,-0.09493682,-0.06724592
-0.63978086,0.32165748,0.78236525,-0.00894429,0.03120313,-0.31506699,0.94851418,0.06513359,0.08776364,0.28224826,0.13305739,-0.38895870,0.02369633,-0.20782710,-0.11867653,0.04827528,0.35433223,-0.26926623,0.11105607,-0.40641016,0.10382842,-0.04096453,-0.10373364,0.36344742,-0.09712722,0.98549072,0.00995673,-0.11659898,0.03358635,0.03009995,-0.28128974,-0.11531707,1.15274075,0.29739229,-0.08477739,-0.07090083
-0.63993557,0.32157529,0.78224963,-0.00950338,0.03057547,-0.31435768,0.94876450,0.06232030,0.09024717,0.28110268,0.14116708,-0.38871940,0.02100365,-0.20808022,-0.11818605,0.04631805,0.35897692,-0.27117414,0.10678075,-0.42867343,0.10173881,-0.03646391,-0.11005560,0.37014778,-0.10663751,0.96993397,0.01311843,-0.10696875,0.02590798,0.04429939,-0.28746313,-0.12166067,1.15487876,0.28532625,-0.08070872,-0.06663124
-0.63911063,0.32198303,0.78218372,-0.00976931,0.03096486,-0.31566438,0.94831521,0.06298148,0.09091504,0.28392767,0.14087534,-0.38836471,0.01808978,-0.21028823,-0.11722808,0.04794708,0.36162232,-0.27299480,0.10822754,-0.44237112,0.09975265,-0.03433701,-0.11804046,0.37486498,-0.09673010,0.95045881,0.04614522,-0.11984937,0.06257893,0.05464290,-0.29341706,-0.12735087,1.16139588,0.27174535,-0.07953484,-0.07296920
-0.63851976,0.32236165,0.78234995,-0.00988306,0.03116803,-0.31727095,0.94777108,0.06046822,0.09228018,0.28730469,0.14639435,-0.39044467,0.01791705,-0.21095607,-0.11661953,0.04962335,0.36178879,-0.27093550,0.10463372,-0.44909884,0.09893649,-0.03457808,-0.11889577,0.38114112,-0.10767696,0.93801134,0.05603753,-0.12471467,0.05535730,0.06200846,-0.30261241,-0.13165274,1.16766889,0.27635856,-0.07846026,-0.06795087
-0.63898877,0.32244664,0.78230386,-0.00913818,0.03163841,-0.31554553,0.94833882,0.05528210,0.09080576,0.28129709,0.14934562,-0.38954971,0.01888414,-0.21198103,-0.12051072,0.04280671,0.36149716,-0.26899199,0.10360729,-0.45274169,0.09332532,-0.03549085,-0.12615906,0.39071891,-0.11199167,0.93187378,0.06403560,-0.12352210,0.05318066,0.06376126,-0.30679793,-0.14178019,1.17222848,0.27304237,-0.07706438,-0.07268238
-0.63842845,0.32203362,0.78241040,-0.00934414,0.03129531,-0.31552079,0.94835643,0.05686985,0.09056608,0.27820311,0.14867111,-0.39069983,0.01895685,-0.20884314,-0.12150441,0.04025246,0.35998883,-0.26931241,0.10490784,-0.45027733,0.09013889,-0.03608067,-0.12762727,0.39549788,-0.10924630,0.93028350,0.06816281,-0.12225008,0.05623538,0.06205931,-0.31374553,-0.14737297,1.17295813,0.26744651,-0.07770397,-0.08060422
-0.63774117,0.32152690,0.78219383,-0.00974048,0.03079018,-0.31475002,0.94862506,0.05872626,0.09090526,0.27562022,0.14804384,-0.38938463,0.01702109,-0.20448044,-0.12251232,0.03621790,0.35858246,-0.26972315,0.10604814,-0.43965932,0.08746595,-0.03711159,-0.13129549,0.39635407,-0.10154509,0.93640876,0.07507351,-0.12217230,0.05376229,0.06044580,-0.31944306,-0.15575219,1.16841934,0.26589008,-0.07926127,-0.07943174
-0.63639192,0.32109284,0.78213338,-0.01121586,0.02960773,-0.31353522,0.94904860,0.06509106,0.09194328,0.27467052,0.14370385,-0.38890849,0.01496759,-0.19959401,-0.12137627,0.03299012,0.35847640,-0.27155058,0.10489336,-0.43234563,0.08740988,-0.03420594,-0.11815387,0.39662251,-0.10107736,0.93514230,0.07207401,-0.12160166,0.05562064,0.05254165,-0.32960273,-0.15405841,1.15991959,0.26266069,-0.07971844,-0.08189538
-0.63697443,0.32037745,0.78254192,-0.01278521,0.02900347,-0.30822324,0.95078587,0.06397660,0.09492497,0.26424080,0.14571145,-0.38749005,0.01255261,-0.19489176,-0.12208463,0.02056329,0.35873808,-0.27251033,0.10276522,-0.42346414,0.08629391,-0.03395101,-0.11174043,0.39843889,-0.09194008,0.94299338,0.07319908,-0.12580754,0.06389686,0.04521816,-0.33684205,-0.15124053,1.14978803,0.26283537,-0.08442950,-0.08831834
-0.63725931,0.31953264,0.78253450,-0.01231486,0.02951629,-0.30393923,0.95215444,0.06290311,0.09412884,0.25762780,0.14283953,-0.38760253,0.01179174,-0.19469369,-0.12516557,0.01237704,0.36207287,-0.27633691,0.09887855,-0.40499383,0.08221474,-0.03808457,-0.10157329,0.39887269,-0.08733543,0.95036189,0.06269839,-0.12125782,0.06580377,0.03928036,-0.34177150,-0.14656316,1.13310984,0.26608228,-0.08304389,-0.08861480
-0.63669009,0.31839671,0.78237105,-0.01207834,0.02818276,-0.29774631,0.95415249,0.06578545,0.09245246,0.25032982,0.14058028,-0.38520622,0.00980343,-0.18718437,-0.13007518,0.00240550,0.36264629,-0.28040293,0.09599869,-0.38193218,0.07519934,-0.04101762,-0.09250921,0.39764189,-0.08337535,0.96101677,0.05736476,-0.11744065,0.06078705,0.02726582,-0.34511671,-0.14737941,1.12913046,0.25540642,-0.08434830,-0.09506342
-0.63693477,0.31790381,0.78252873,-0.01287064,0.02693570,-0.28716219,0.95741667,0.06276026,0.09231086,0.23207447,0.14574624,-0.38569922,0.00962438,-0.17571653,-0.13646009,-0.01730636,0.36018025,-0.28201174,0.09386793,-0.36203929,0.07088510,-0.04151992,-0.08532201,0.39330502,-0.07269465,0.97341118,0.05118089,-0.11495995,0.06014772,0.01895841,-0.34740636,-0.14473557,1.11664504,0.25518599,-0.08744327,-0.09386127
-0.63736233,0.31731586,0.78244831,-0.01254856,0.02711201,-0.27882830,0.95987616,0.05892973,0.09071358,0.21720422,0.14530828,-0.38443050,0.00811163,-0.17337900,-0.14103913,-0.02896155,0.36526842,-0.28576590,0.08950608,-0.33251297,0.06513975,-0.04449414,-0.07690161,0.38842999,-0.05877894,0.98153480,0.04257789,-0.11068127,0.06781428,0.01000602,-0.35026264,-0.13799777,1.10507693,0.25316483,-0.08609379,-0.09535726
-0.63701903,0.31640197,0.78239385,-0.01303688,0.02708912,-0.26849146,0.96281284,0.05593114,0.09067447,0.20099637,0.14525842,-0.38275464,0.00790198,-0.16606954,-0.14568112,-0.04607229,0.36677409,-0.29186576,0.08309851,-0.30610786,0.06401037,-0.05178663,-0.06228735,0.37741399,-0.04628700,0.99346735,0.02956633,-0.10959405,0.07654567,0.00303480,-0.35589096,-0.12599735,1.09673844,0.24916645,-0.08740676,-0.10243336
-0.63725741,0.31561273,0.78243487,-0.01289017,0.02697041,-0.25968121,0.96523164,0.05213908,0.08920699,0.18502198,0.14590210,-0.37881254,0.00552027,-0.15858535,-0.15138454,-0.06312201,0.36536284,-0.29438496,0.07921294,-0.26692722,0.05721031,-0.05322659,-0.05880290,0.37091044,-0.03446252,1.00512040,0.01511368,-0.10331057,0.07802171,-0.00412911,-0.35817915,-0.11805734,1.08649244,0.24584235,-0.08678212,-0.09858429
-0.63764961,0.31529632,0.78241802,-0.01277218,0.02700759,-0.24941867,0.96793481,0.04631972,0.08703173,0.16644775,0.14914162,-0.37850005,0.00658201,-0.15299445,-0.15775861,-0.08163508,0.36677587,-0.29791745,0.07661200,-0.23505426,0.05281071,-0.05684521,-0.04564445,0.36139819,-0.01941660,1.01359407,-0.00088588,-0.10109841,0.07886426,-0.02094401,-0.35971145,-0.11337244,1.08774127,0.24570546,-0.08695895,-0.10096996
-0.63796264,0.31505709,0.78245472,-0.01283430,0.02591705,-0.23878077,0.97064274,0.04240695,0.08432755,0.14701399,0.15244114,-0.37829009,0.00426062,-0.14384180,-0.16380871,-0.09930215,0.36633522,-0.30299349,0.07291403,-0.20495798,0.04808645,-0.05415575,-0.02890959,0.35210987,-0.00498490,1.01431897,-0.00904750,-0.10345180,0.09529604,-0.03799726,-0.36331668,-0.10030920,1.08674752,0.23897432,-0.08844567,-0.10474046
-0.63852505,0.31433510,0.78221722,-0.01261953,0.02321288,-0.23074516,0.97265543,0.04392760,0.08091061,0.13401188,0.15317741,-0.37639943,0.00376102,-0.13327160,-0.17046924,-0.11448717,0.36657147,-0.30617781,0.07022222,-0.16508133,0.03947676,-0.04486542,-0.02484470,0.35245556,-0.00134392,1.01759109,-0.00812602,-0.10223289,0.08952278,-0.06126884,-0.36201641,-0.09141292,1.08698332,0.23731719,-0.08745352,-0.10570262
-0.63898323,0.31364747,0.78248928,-0.01257070,0.02236860,-0.22052693,0.97504333,0.03848928,0.07820643,0.11668712,0.15824949,-0.37356948,0.00174202,-0.12343185,-0.17660932,-0.13449980,0.36281841,-0.30779154,0.06844699,-0.12985180,0.03433265,-0.04404856,-0.00989496,0.35461257,0.00600150,1.01000324,-0.00786997,-0.10301082,0.07883473,-0.07394293,-0.36290086,-0.08334201,1.08232613,0.23894632,-0.09004388,-0.10471688
-0.63997888,0.31395661,0.78303856,-0.01154257,0.02317698,-0.20915638,0.97753936,0.02596464,0.07397587,0.09490860,0.16701045,-0.37382474,0.00287337,-0.11680505,-0.18538170,-0.15807123,0.35985176,-0.30884213,0.07026327,-0.09649695,0.03124726,-0.05242623,0.00734605,0.35264934,0.01445410,1.00477338,-0.00541955,-0.10378026,0.08421292,-0.07829480,-0.36716761,-0.07395363,1.07770492,0.23546641,-0.09049995,-0.10277768
-0.63991244,0.31387662,0.78319594,-0.01093237,0.02348493,-0.19935069,0.97958575,0.02207472,0.07041709,0.07683242,0.16787553,-0.37463738,0.00332068,-0.11106231,-0.19214932,-0.17697663,0.36273293,-0.31181416,0.06897564,-0.05775058,0.02839939,-0.05753036,0.02022486,0.34970187,0.02405570,1.00495490,-0.00844791,-0.10247807,0.08145840,-0.08035014,-0.37164523,-0.07012698,1.07060996,0.23160915,-0.09203002,-0.10030593
-0.64069839,0.31379818,0.78326416,-0.01090593,0.02372465,-0.18835765,0.98175333,0.01455599,0.06713901,0.05259875,0.17166973,-0.37131449,0.00056182,-0.10277132,-0.19798440,-0.19946161,0.36033027,-0.31377592,0.06767173,-0.02362523,0.02611311,-0.05871541,0.02629745,0.35045995,0.02911516,1.00607839,-0.00566222,-0.10771289,0.08466756,-0.08747747,-0.37516512,-0.06169080,1.06720549,0.22997303,-0.09281385,-0.10341312
-0.64211654,0.31339815,0.78346980,-0.01102506,0.02472283,-0.17488222,0.98421717,0.00293384,0.06424369,0.02516888,0.17874821,-0.36971884,-0.00161237,-0.09328682,-0.20267694,-0.22632773,0.35364936,-0.31281621,0.06693437,0.00305349,0.02359443,-0.05944659,0.02978532,0.35167870,0.03391744,1.00736011,-0.01361196,-0.09631659,0.08480861,-0.09900667,-0.37624565,-0.05790543,1.06700971,0.22976861,-0.09328275,-0.09813829
-0.64308332,0.31288760,0.78359465,-0.01096621,0.02543815,-0.16264099,0.98629638,-0.00544844,0.06102523,0.00360931,0.18199453,-0.36549691,-0.00355145,-0.08379981,-0.20726233,-0.25048021,0.34685518,-0.31103661,0.06458275,0.03287420,0.01982664,-0.05654015,0.02664103,0.35548498,0.03470946,1.01337599,-0.02349446,-0.10479998,0.08920282,-0.11023241,-0.37835825,-0.04876261,1.06426711,0.23165439,-0.09122239,-0.10746593
-0.64482638,0.31235205,0.78409693,-0.01105540,0.02655868,-0.14858744,0.98848075,-0.01560594,0.05756828,-0.02156448,0.18235672,-0.35887437,-0.00549246,-0.07561141,-0.21154742,-0.27795984,0.34170660,-0.30922529,0.06387374,0.05930296,0.01621619,-0.05748186,0.02179416,0.35992460,0.04452514,1.01288864,-0.02007754,-0.10059784,0.08077427,-0.11389310,-0.37813593,-0.05319974,1.05940967,0.23784458,-0.09860802,-0.09627679
-0.64617199,0.31213095,0.78448616,-0.01070106,0.02839235,-0.13682586,0.99013032,-0.02574462,0.05380913,-0.04050857,0.18192522,-0.35233566,-0.00629142,-0.07150023,-0.21615602,-0.30069051,0.33876808,-0.30811015,0.06357659,0.08645842,0.01096851,-0.06026242,0.01828061,0.36413945,0.05180224,1.00467452,-0.02200379,-0.09240457,0.08173511,-0.11970191,-0.37813744,-0.04904996,1.06176167,0.23749494,-0.09920804,-0.09737572
-0.64794407,0.31182739,0.78480158,-0.00992456,0.02941937,-0.12569138,0.99158342,-0.03510637,0.04921199,-0.05778568,0.18340785,-0.34795042,-0.00544838,-0.06684736,-0.22224520,-0.32384263,0.33828308,-0.30856905,0.06193855,0.10787815,0.00379399,-0.05659642,0.01575825,0.37047089,0.05304019,0.99253054,-0.01385499,-0.08632457,0.08572532,-0.13067176,-0.37471302,-0.04281885,1.06334372,0.23104144,-0.09878947,-0.10022903
-0.64952555,0.31148683,0.78480058,-0.01010714,0.02923189,-0.11562677,0.99281106,-0.04395225,0.04593279,-0.07266167,0.19028458,-0.34515218,-0.00754241,-0.06062166,-0.22562843,-0.34287737,0.33689581,-0.30874609,0.05969790,0.13073511,0.00344027,-0.04813861,0.00963698,0.37104405,0.05086738,0.99526304,-0.02574376,-0.10024877,0.08638774,-0.14102112,-0.37961616,-0.03242357,1.06362320,0.23157059,-0.09974899,-0.10234813
-0.65109262,0.31134835,0.78510446,-0.00989751,0.03003364,-0.10904265,0.99353396,-0.05246422,0.04295372,-0.08502771,0.19489031,-0.34291550,-0.00866737,-0.05863357,-0.22773568,-0.35578056,0.33466310,-0.30565481,0.05936431,0.15219912,0.00167282,-0.04524742,0.00542446,0.36983972,0.05982252,0.99354062,-0.02998760,-0.09740169,0.08469924,-0.15253684,-0.37948183,-0.02727516,1.06595616,0.22546694,-0.10003885,-0.09892677
-0.65293787,0.31141776,0.78541896,-0.00946272,0.03093213,-0.10408518,0.99404222,-0.06147403,0.03966652,-0.09609570,0.20091496,-0.34193445,-0.00771510,-0.05879076,-0.23044329,-0.36623479,0.33447062,-0.30320080,0.05926435,0.17252146,0.00053081,-0.03952397,0.00025105,0.36557105,0.06343575,0.98918364,-0.02920805,-0.09503892,0.08669873,-0.16386227,-0.37942077,-0.02127400,1.06623504,0.22013112,-0.10233106,-0.09870933
-0.65369703,0.31140037,0.78568221,-0.00952243,0.03116166,-0.10045940,0.99440745,-0.06489754,0.03825548,-0.10184088,0.20300789,-0.34100607,-0.00881917,-0.05364393,-0.23026509,-0.37380378,0.32636577,-0.29945860,0.05906235,0.18790287,0.00214392,-0.03774593,0.00026237,0.35649203,0.06710672,0.99017164,-0.03230662,-0.09571945,0.08966391,-0.17215265,-0.37590048,-0.01840264,1.06250383,0.21584467,-0.10160862,-0.10007484
-0.65490513,0.31154548,0.78601709,-0.00924532,0.03260161,-0.09866856,0.99454320,-0.07002620,0.03704279,-0.10424993,0.20374362,-0.33894009,-0.00914786,-0.05439240,-0.23046260,-0.37823146,0.32092684,-0.29531154,0.06212051,0.19897288,0.00361568,-0.03833338,0.00718160,0.34633882,0.06884452,0.98706572,-0.03271256,-0.09549708,0.08992896,-0.17532378,-0.36851324,-0.01497622,1.05181398,0.21353979,-0.10535880,-0.09941522
-0.65608640,0.31195196,0.78622502,-0.00884640,0.03374172,-0.09876115,0.99449961,-0.07401119,0.03648364,-0.10253765,0.20327248,-0.33702104,-0.00727782,-0.05838175,-0.23033635,-0.37479518,0.31924462,-0.29208587,0.06383120,0.20433513,0.00532490,-0.03768848,0.01608967,0.33492631,0.06850149,0.98796836,-0.03310125,-0.09712292,0.08876405,-0.18121101,-0.35760845,-0.00977028,1.04331554,0.21259109,-0.10847060,-0.10014610
-0.65682611,0.31239106,0.78637113,-0.00898108,0.03379925,-0.10058742,0.99431339,-0.07421625,0.03725571,-0.09880415,0.20341406,-0.33798821,-0.00706495,-0.06114431,-0.22964237,-0.37105213,0.31910242,-0.29025220,0.06403067,0.20438118,0.00882987,-0.03262169,0.02327420,0.32250723,0.07043672,0.99125215,-0.03319319,-0.09615359,0.08720707,-0.18664974,-0.34545967,0.00087635,1.03392960,0.20025981,-0.10995065,-0.10414262
-0.65779031,0.31305117,0.78627379,-0.00875233,0.03388681,-0.10354036,0.99400929,-0.07508762,0.03717855,-0.09415210,0.20420232,-0.33749372,-0.00309653,-0.06630953,-0.22994198,-0.36466037,0.32096983,-0.28903190,0.06247588,0.19862462,0.01266063,-0.02648631,0.02528229,0.30866876,0.06614480,1.00615730,-0.03520566,-0.09355586,0.08727476,-0.19265970,-0.33235047,0.01333267,1.02855283,0.19140347,-0.10979413,-0.10365582
-0.65833570,0.31407053,0.78622468,-0.00854023,0.03440531,-0.10796394,0.99352259,-0.07555348,0.03794106,-0.08543190,0.20351157,-0.33822001,-0.00040394,-0.07338573,-0.22913563,-0.35339626,0.32257536,-0.28664730,0.06358092,0.18860039,0.01612265,-0.02476905,0.03344719,0.29403021,0.06410311,1.01578926,-0.03596068,-0.09187403,0.08292563,-0.19175852,-0.31588114,0.02472751,1.02112757,0.18302813,-0.10861502,-0.09886961
-0.65887983,0.31535010,0.78606182,-0.00837162,0.03391973,-0.11401716,0.99286427,-0.07421702,0.03866036,-0.07227238,0.20638844,-0.34074967,0.00207942,-0.08074949,-0.22958162,-0.34125539,0.32933787,-0.28735326,0.06416801,0.17538375,0.02045000,-0.01977287,0.03760692,0.27904777,0.05547372,1.02927595,-0.03686331,-0.08775097,0.07925876,-0.18870494,-0.30032355,0.03888816,1.01749016,0.17701384,-0.10823253,-0.09385302
-0.65961686,0.31719644,0.78598688,-0.00788017,0.03369458,-0.12139028,0.99200150,-0.07232005,0.03868466,-0.05724700,0.20701339,-0.34247892,0.00546914,-0.09050016,-0.23047579,-0.32545061,0.33630711,-0.28618813,0.06530153,0.15661759,0.02375122,-0.01218200,0.03664204,0.26569097,0.04763698,1.04502525,-0.03860353,-0.08897961,0.07237387,-0.18724598,-0.28412535,0.05160083,1.01951780,0.17166563,-0.10732269,-0.08648685
-0.66060137,0.31958108,0.78591495,-0.00735419,0.03367393,-0.12976838,0.99094508,-0.07291972,0.03833147,-0.04132218,0.21070491,-0.34437875,0.01146143,-0.10258686,-0.23081305,-0.30586290,0.34410176,-0.28434578,0.06691433,0.13670223,0.02712279,-0.00621560,0.03621966,0.25367325,0.03794575,1.05070565,-0.03126352,-0.08887698,0.06448000,-0.17874216,-0.26786157,0.05604979,1.02311870,0.17602109,-0.10739713,-0.07698596
-0.66184954,0.32248417,0.78581644,-0.00716130,0.03306777,-0.14058712,0.98949002,-0.07317261,0.03949166,-0.02046061,0.21616092,-0.34811349,0.01551614,-0.11674513,-0.23042826,-0.28464405,0.35257277,-0.28257255,0.06810567,0.11551395,0.03162288,0.00225983,0.03023541,0.24209430,0.02579951,1.06247846,-0.02102173,-0.08577288,0.05644430,-0.17135728,-0.25409705,0.05745444,1.03296552,0.17557589,-0.10358992,-0.07232361
-0.66287110,0.32555507,0.78554607,-0.00712561,0.03288800,-0.15262875,0.98771052,-0.07231895,0.04132020,0.00169332,0.21821331,-0.35032698,0.01909710,-0.13042834,-0.22751677,-0.25935905,0.35699861,-0.27838912,0.06904824,0.09034658,0.03642895,0.01130048,0.02762990,0.23074372,0.00816072,1.06728305,-0.02648710,-0.09703600,0.05739609,-0.16437119,-0.24231222,0.05955683,1.04574794,0.18481351,-0.10112993,-0.06906330
-0.66447814,0.32989102,0.78537521,-0.00673427,0.03295214,-0.16498559,0.98572235,-0.07188662,0.04103176,0.01936836,0.21507194,-0.35216467,0.02621033,-0.14639594,-0.22487372,-0.22996196,0.35924865,-0.27133791,0.07321199,0.06257496,0.04033253,0.01774742,0.02173767,0.22056551,-0.00540174,1.06706998,-0.02135349,-0.08877681,0.05574491,-0.15694080,-0.23211007,0.05530785,1.06371786,0.19427239,-0.09648848,-0.06974613
-0.66665285,0.33449908,0.78520117,-0.00631403,0.03299072,-0.18028756,0.98304025,-0.07556829,0.04145178,0.03993261,0.22063274,-0.35699265,0.02971830,-0.16861003,-0.22063222,-0.19758992,0.36735085,-0.26720108,0.07593295,0.03318678,0.04241296,0.02919520,0.01811548,0.21440292,-0.00707054,1.05836394,-0.02098595,-0.08927711,0.05607306,-0.15169089,-0.22505975,0.04980139,1.07651142,0.19559265,-0.09371485,-0.06578280
-0.66756005,0.33893281,0.78474405,-0.00614859,0.03327769,-0.19532750,0.98015405,-0.07686787,0.04177750,0.05943884,0.22468309,-0.36462014,0.03478463,-0.19056950,-0.21522248,-0.16326619,0.37863771,-0.26696036,0.07759697,0.00155314,0.04473615,0.03621726,0.01179627,0.21508524,-0.01485932,1.05351728,-0.01619176,-0.09276812,0.05728173,-0.14049726,-0.22155660,0.04735544,1.08317759,0.19937213,-0.09153544,-0.06804111
-0.66908830,0.34342731,0.78403386,-0.00564838,0.03201817,-0.21032069,0.97709168,-0.08089903,0.04224055,0.08171214,0.23862528,-0.37514246,0.04207470,-0.21216832,-0.21125220,-0.13126914,0.39585871,-0.27118204,0.08197083,-0.03365122,0.04389589,0.05221782,0.00385634,0.22153337,-0.02472581,1.04469915,-0.02022955,-0.09669589,0.05457659,-0.13523981,-0.22080849,0.04407358,1.08898379,0.19428453,-0.09005770,-0.06426821
-0.67042600,0.34745824,0.78328085,-0.00534702,0.03098014,-0.22365364,0.97416153,-0.08244760,0.04250187,0.10234898,0.24644918,-0.38420332,0.04608790,-0.23347223,-0.20635842,-0.10197954,0.41328764,-0.27144070,0.08545295,-0.07023376,0.04128327,0.06779580,-0.00804871,0.23148299,-0.02388766,1.03843772,-0.01450138,-0.08913663,0.05933439,-0.12684099,-0.21807486,0.02884432,1.08795027,0.19473541,-0.08853335,-0.06609300
-0.67148902,0.35101494,0.78260738,-0.00530309,0.03027417,-0.23571542,0.97133598,-0.08298752,0.04333917,0.12137823,0.24980813,-0.38867386,0.05110454,-0.24901688,-0.20142584,-0.07944301,0.42130230,-0.26482244,0.08833409,-0.10818412,0.03782055,0.08198920,-0.02341178,0.24557754,-0.03316547,1.04364867,-0.00821697,-0.09416714,0.06962271,-0.11323801,-0.21686789,0.02498352,1.08177128,0.19775498,-0.08988490,-0.06881909
-0.67094452,0.35407773,0.78236609,-0.00523770,0.02854522,-0.24819848,0.96827437,-0.07342332,0.04324174,0.14313941,0.24308102,-0.38797542,0.05497903,-0.25482267,-0.19761480,-0.06179209,0.41946554,-0.25787804,0.09200248,-0.14410061,0.03242342,0.09506083,-0.03894068,0.26098809,-0.03013910,1.05277306,-0.01366489,-0.09472463,0.07934040,-0.10241077,-0.21015750,0.01101234,1.07985775,0.21724322,-0.09061316,-0.07441205
-0.67008915,0.35679204,0.78233611,-0.00582467,0.02838345,-0.25781170,0.96576062,-0.06918448,0.04444072,0.16188862,0.23889369,-0.38694229,0.05929551,-0.25850613,-0.19206073,-0.04507888,0.41102335,-0.24716557,0.09670609,-0.17621948,0.03104469,0.09987762,-0.05538886,0.27372704,-0.01447501,1.06092820,-0.00857828,-0.08862584,0.07870490,-0.08128436,-0.21187551,0.00094153,1.08120958,0.21689336,-0.08833598,-0.07536992
-0.67010264,0.35912683,0.78232827,-0.00576381,0.02959120,-0.26670000,0.96330797,-0.07124312,0.04614233,0.18013039,0.23876057,-0.38751318,0.06141016,-0.26774729,-0.18639354,-0.02923478,0.40624237,-0.23952811,0.09926168,-0.21201544,0.02747953,0.10594162,-0.06826724,0.28917535,-0.02101317,1.06784257,-0.02713894,-0.09080626,0.08936939,-0.06523960,-0.21183380,-0.00335180,1.08377415,0.23332152,-0.08757558,-0.07392794
-0.66930908,0.36162773,0.78243469,-0.00569824,0.03140768,-0.27502723,0.96090640,-0.07486121,0.04789592,0.19590879,0.24135841,-0.39057777,0.06353833,-0.27547344,-0.18031513,-0.01122077,0.39901854,-0.23113390,0.10526617,-0.24490912,0.02567811,0.11129583,-0.07957157,0.30004423,-0.01461267,1.06839280,-0.03636254,-0.09193386,0.09979616,-0.04712044,-0.21686545,-0.00221852,1.08831771,0.23371256,-0.08491088,-0.07463565
-0.66814519,0.36393402,0.78222854,-0.00534774,0.03265004,-0.28467954,0.95805164,-0.07371445,0.04886506,0.21525621,0.23794208,-0.39091333,0.06805736,-0.28322130,-0.17567016,0.00431507,0.39274863,-0.22290975,0.11001985,-0.26759686,0.02375694,0.11722373,-0.09759853,0.30887385,-0.00473709,1.07297281,-0.04142839,-0.08740939,0.10395670,-0.02917540,-0.22247218,-0.00581742,1.09452548,0.23349030,-0.08192036,-0.07411946
-0.66740613,0.36591630,0.78205337,-0.00522008,0.03554279,-0.29264418,0.95554636,-0.07411802,0.05123034,0.23476576,0.23235371,-0.38994154,0.06698262,-0.29388505,-0.16976560,0.01675983,0.38739691,-0.21587878,0.11698539,-0.28625763,0.02211360,0.12312935,-0.12364583,0.31964758,0.00250156,1.07567860,-0.03530801,-0.09294150,0.11522851,-0.01526987,-0.22364901,-0.01073752,1.10344637,0.24284906,-0.08288110,-0.07360218
-0.66611853,0.36681084,0.78157544,-0.00540677,0.03684919,-0.30024258,0.95313551,-0.07312473,0.05224538,0.24619609,0.22714477,-0.38972532,0.06922958,-0.29852473,-0.16429338,0.02853050,0.38123767,-0.20944680,0.12004059,-0.30791093,0.01619995,0.13084790,-0.14204625,0.33620698,-0.01290444,1.08380996,-0.00149009,-0.10519269,0.12202026,-0.00497107,-0.22410316,-0.00418379,1.11973698,0.23859837,-0.08189110,-0.07225072
-0.66434022,0.36835622,0.78177288,-0.00451212,0.03972659,-0.30827772,0.95045583,-0.07578760,0.05221164,0.26080187,0.22591091,-0.39178684,0.07261215,-0.30701622,-0.15954757,0.04227415,0.37382894,-0.20155370,0.12476720,-0.32364979,0.01533885,0.13116450,-0.15938924,0.33842548,0.00486816,1.07488339,-0.04011945,-0.10397974,0.13169541,0.00976326,-0.22617929,-0.00367078,1.13084533,0.24855926,-0.07623166,-0.06730733
-0.66224079,0.36961196,0.78197194,-0.00318822,0.04118118,-0.31795747,0.94720483,-0.07139247,0.05057671,0.27930479,0.21898539,-0.39574148,0.08117740,-0.31601460,-0.15555573,0.05804103,0.37350082,-0.19361283,0.13219202,-0.33252867,0.01112884,0.13477387,-0.18123408,0.34204806,0.01578955,1.07434659,-0.04985975,-0.09423557,0.13202093,0.01852431,-0.22790651,-0.00304815,1.14733543,0.24445245,-0.07292692,-0.06359563
-0.66041053,0.37023274,0.78192945,-0.00204713,0.04390362,-0.32342923,0.94523109,-0.07444983,0.04956785,0.28845925,0.21804664,-0.39743291,0.08253470,-0.32454549,-0.15373077,0.06438249,0.37310944,-0.18604579,0.13906425,-0.34374056,0.00625997,0.13768028,-0.20328517,0.34780593,0.00837594,1.07289793,-0.04973328,-0.09310431,0.12586549,0.02534971,-0.22342346,-0.00733843,1.15962777,0.24409292,-0.07501449,-0.04834571
-0.65820633,0.37054137,0.78214471,-0.00240983,0.04639930,-0.32617143,0.94416815,-0.07411196,0.05056440,0.29424160,0.21437600,-0.39880922,0.08496616,-0.32862062,-0.15148720,0.06665412,0.37264563,-0.17901186,0.14446877,-0.35760376,0.00611995,0.14220072,-0.22580691,0.35336206,-0.00730736,1.07429193,-0.04382560,-0.09175141,0.12424253,0.03268959,-0.21886151,-0.01066186,1.16808310,0.24774493,-0.07092548,-0.05735602
-0.65633696,0.37058299,0.78241593,-0.00226950,0.04997022,-0.32739439,0.94356279,-0.07740431,0.05100227,0.29635692,0.20997618,-0.39850557,0.08679819,-0.33642615,-0.14931532,0.06917212,0.37587013,-0.17517044,0.14974773,-0.37413305,0.00523687,0.14582863,-0.24427243,0.35673000,-0.01441523,1.06805387,-0.04571375,-0.09504687,0.12982632,0.03615861,-0.21110005,-0.01042871,1.17086274,0.25127125,-0.07136626,-0.05069010
-0.65421891,0.36984868,0.78258669,-0.00273111,0.05381125,-0.33032226,0.94232908,-0.08125946,0.05547635,0.30439313,0.21162251,-0.40150567,0.08029525,-0.34645694,-0.14483370,0.06745724,0.38238436,-0.17263674,0.15500744,-0.38456427,0.00467156,0.14965953,-0.26527657,0.35386742,-0.00946749,1.06835862,-0.05657225,-0.09923565,0.14543137,0.03748447,-0.20196267,-0.01202172,1.17140258,0.24852601,-0.07124367,-0.05152365
-0.65083174,0.36933424,0.78267385,-0.00291549,0.05584695,-0.33096720,0.94198372,-0.07978083,0.05526906,0.30615792,0.21094446,-0.40540062,0.08008326,-0.35010182,-0.14864546,0.04984063,0.39043455,-0.17340522,0.15233201,-0.39711454,0.00191531,0.15616226,-0.28071131,0.35265571,-0.00904688,1.05890325,-0.06030234,-0.09677101,0.15385570,0.03734348,-0.18436620,-0.01861325,1.16287488,0.27708429,-0.07434636,-0.05715940
-0.64725718,0.36800039,0.78285989,-0.00241118,0.05927567,-0.33370613,0.94080859,-0.07837547,0.05523334,0.31072364,0.20575936,-0.40896811,0.08413684,-0.35982252,-0.15032567,0.03249599,0.40196668,-0.17106745,0.15013905,-0.40339565,0.00156304,0.15560833,-0.29777124,0.35344997,-0.01375638,1.05891501,-0.06079243,-0.09311906,0.14305954,0.03696903,-0.17973477,-0.01170369,1.16132113,0.26556951,-0.07360144,-0.05065682
-0.64532487,0.36663701,0.78267887,-0.00333381,0.06632350,-0.33540804,0.93972950,-0.08826657,0.06510574,0.32101812,0.20813910,-0.41621201,0.06223709,-0.38032425,-0.14549777,0.01815185,0.42283886,-0.16709063,0.13804294,-0.39949251,0.00454221,0.15891546,-0.32895468,0.35644046,-0.05032265,1.07390727,-0.11615142,-0.14117712,0.20921107,0.03947202,-0.17604115,0.01399082,1.14941519,0.29901306,-0.10363280,-0.03159912
-0.64049209,0.36401403,0.78241040,-0.00330082,0.07042158,-0.33780410,0.93857248,-0.08304689,0.06632757,0.32649402,0.19914266,-0.42155828,0.06169859,-0.39171530,-0.14555961,0.00653682,0.44432397,-0.16967974,0.13884356,-0.40012849,0.00511270,0.15774426,-0.34427940,0.35181685,-0.05410080,1.07746108,-0.12588428,-0.14818264,0.22759992,0.03853492,-0.17195645,0.02780513,1.14094363,0.29731810,-0.10868994,-0.03221256
-0.63847879,0.36244768,0.78274660,-0.00321392,0.07524374,-0.33564400,0.93897346,-0.09112741,0.07018180,0.32324510,0.20398354,-0.42683862,0.06156483,-0.40855921,-0.14840904,-0.01079839,0.46794471,-0.16803452,0.13661513,-0.40588709,0.00612523,0.16134280,-0.36564414,0.35009259,-0.04779717,1.08211310,-0.13060545,-0.15311642,0.21846643,0.03188441,-0.17101673,0.03503814,1.13199748,0.27549463,-0.11014958,-0.01014969
-0.63312536,0.35881496,0.78244317,-0.00309511,0.07910163,-0.33342443,0.93944744,-0.08759754,0.07077131,0.32152677,0.19912310,-0.43137589,0.05978752,-0.41643879,-0.15171245,-0.02215327,0.49221307,-0.17299572,0.13984611,-0.41227526,0.00662312,0.16187045,-0.37761059,0.35254846,-0.05462148,1.08060180,-0.14290631,-0.15477279,0.21933781,0.02689728,-0.16905327,0.04474703,1.11883417,0.28227932,-0.11247402,-0.01622329
-0.62737152,0.35468155,0.78202600,-0.00288327,0.08305614,-0.33100524,0.93996218,-0.08476919,0.07187107,0.31913277,0.19713501,-0.43881581,0.05831275,-0.42507686,-0.15659706,-0.03634050,0.51858818,-0.17566901,0.14453161,-0.41678158,0.00807449,0.16331887,-0.39019603,0.35244659,-0.05350854,1.08076529,-0.14960373,-0.15801527,0.24321142,0.02051459,-0.16643153,0.04842815,1.10314386,0.28815427,-0.11574090,-0.02976703
-0.62136855,0.34991801,0.78164433,-0.00297364,0.08704013,-0.32636875,0.94122187,-0.08125066,0.07299472,0.30917275,0.19290303,-0.44803179,0.05791140,-0.43123064,-0.16089586,-0.04789010,0.54554911,-0.18192216,0.14637253,-0.42232094,0.00996797,0.16423185,-0.40065770,0.35330112,-0.04924541,1.08091617,-0.14298234,-0.15495618,0.24907293,0.01508296,-0.16660314,0.04927922,1.08694846,0.28901658,-0.11829800,-0.04121008
-0.61472613,0.34428861,0.78112319,-0.00339803,0.09191306,-0.32290041,0.94195317,-0.07667643,0.07713816,0.30635862,0.18838371,-0.45026287,0.04930776,-0.43783502,-0.16495658,-0.06311577,0.57148737,-0.18404597,0.14583042,-0.42339945,0.01287732,0.16486561,-0.41144527,0.35840606,-0.04954407,1.08435515,-0.14355288,-0.15557622,0.24486302,0.00733550,-0.17768036,0.05030144,1.07922946,0.25407475,-0.11733690,-0.03520575
-0.60695990,0.33775929,0.78016898,-0.00113463,0.09615112,-0.31964591,0.94264530,-0.07120206,0.07398171,0.30113183,0.18697573,-0.46175058,0.05020828,-0.44303152,-0.17448120,-0.07571853,0.59764616,-0.19614211,0.14773803,-0.42273197,0.01227784,0.16201004,-0.42169442,0.36343002,-0.04800265,1.09258372,-0.14809086,-0.15802752,0.23008385,0.00120776,-0.18384544,0.04808869,1.06410330,0.25141291,-0.12343468,-0.00336824
-0.59829323,0.32921947,0.77878448,-0.00019990,0.10190680,-0.31701386,0.94293010,-0.06670407,0.07809022,0.29866359,0.18712560,-0.47420923,0.04440464,-0.44657022,-0.18156399,-0.09814410,0.62735649,-0.21964768,0.14624131,-0.41828627,0.01428178,0.15624619,-0.42743742,0.37411229,-0.04351176,1.09703220,-0.14818403,-0.15535174,0.23705627,-0.00202695,-0.19216916,0.04733322,1.05436143,0.25555855,-0.12077355,-0.01318791
-0.59006518,0.32044267,0.77750685,0.00054187,0.10706818,-0.31263299,0.94382028,-0.06372271,0.08320653,0.29129015,0.19130740,-0.48982099,0.04299592,-0.44559170,-0.19545020,-0.13191736,0.65783231,-0.24919775,0.14888300,-0.41294415,0.01523551,0.15418718,-0.43487770,0.39041201,-0.04442996,1.10244291,-0.14586753,-0.15204492,0.23045173,-0.00440288,-0.19748104,0.04215601,1.03768387,0.25706913,-0.12212464,-0.01882799
-0.58037011,0.31031146,0.77522734,0.00316083,0.11143176,-0.30638801,0.94535674,-0.05996183,0.08507090,0.28227973,0.20155248,-0.50889919,0.04046292,-0.44056065,-0.19581011,-0.13861099,0.67484330,-0.25997522,0.16033731,-0.40889943,0.01290437,0.14846109,-0.44049852,0.40819096,-0.03603956,1.11155647,-0.14689501,-0.15118955,0.23010428,-0.00291811,-0.20273545,0.03506836,1.01820794,0.26683433,-0.12523791,-0.01539505
-0.57057995,0.29863965,0.77294277,0.00295089,0.11795390,-0.30231479,0.94587734,-0.05783114,0.09650092,0.27479356,0.21678981,-0.53260550,0.04476450,-0.44103687,-0.19865123,-0.15425182,0.70684867,-0.28252550,0.12943730,-0.40249416,0.01859234,0.14475478,-0.43888746,0.43796438,-0.03469760,1.11111976,-0.15906778,-0.14808624,0.23508768,-0.00444616,-0.21153188,0.03736658,0.99440855,0.27379393,-0.13155578,-0.03631169
-0.55934086,0.28568062,0.77000268,0.00392086,0.12210389,-0.29818229,0.94665864,-0.05915548,0.10789545,0.26920180,0.25318875,-0.56469335,0.04338878,-0.43656134,-0.19810805,-0.16010398,0.73601732,-0.30443675,0.11527971,-0.39739712,0.01936178,0.13913051,-0.43070100,0.47203473,-0.01820610,1.11417317,-0.16570252,-0.14962354,0.24817445,-0.00798181,-0.21899913,0.03691357,0.96771678,0.28372520,-0.13371154,-0.04366149
-0.54930652,0.27132453,0.76669128,0.00404457,0.12750358,-0.29638333,0.94651117,-0.06950308,0.12637110,0.26481728,0.30716846,-0.59900670,0.04603253,-0.43733045,-0.19179379,-0.16541216,0.77063392,-0.33311459,0.09571517,-0.38605880,0.02020753,0.13383094,-0.41570778,0.51892573,0.00460505,1.10689619,-0.16166583,-0.14477328,0.23226182,-0.02112859,-0.23121218,0.03557792,0.94836028,0.26970035,-0.13371480,-0.03160667
-0.53461695,0.25594367,0.76256570,0.00310503,0.12964565,-0.29453841,0.94679961,-0.08162908,0.14323027,0.25038840,0.39511442,-0.63990066,0.05993549,-0.41872563,-0.19226700,-0.17443715,0.79891471,-0.35211218,0.07732068,-0.37219130,0.02173783,0.13372038,-0.39679148,0.57511600,0.02700079,1.09995420,-0.16450826,-0.14749028,0.23387541,-0.04006427,-0.24880249,0.03874046,0.92421576,0.26659824,-0.13366389,-0.02568875
-0.52217921,0.24007941,0.75888480,0.00110363,0.12903072,-0.29425584,0.94697590,-0.12086182,0.17087742,0.22548768,0.55638477,-0.63603114,0.03778897,-0.40448222,-0.17447770,-0.15582625,0.83218297,-0.36105827,0.06256079,-0.35147164,0.01716265,0.13952880,-0.37527175,0.63802881,0.06198058,1.10038316,-0.17531835,-0.15274301,0.25724867,-0.07185060,-0.26171711,0.04279703,0.90955793,0.26867374,-0.13718340,-0.03927534
-0.50878702,0.22450871,0.75526351,-0.00210236,0.12488570,-0.29384110,0.94765846,-0.20031565,0.20209712,0.18350812,0.80828825,-0.56405555,0.01065624,-0.38386822,-0.15193722,-0.12733337,0.86854493,-0.36529255,0.04589541,-0.32656241,0.01239263,0.15829856,-0.35248254,0.71332965,0.09103138,1.10255647,-0.18388591,-0.15016507,0.26070616,-0.12140171,-0.28694823,0.04977505,0.89483322,0.26745359,-0.13792674,-0.05096407
-0.49263516,0.20905167,0.75101596,0.00112552,0.11518051,-0.29613466,0.94817533,-0.28909592,0.21352484,0.16708115,1.05604298,-0.48261327,0.03270835,-0.35453111,-0.14843254,-0.09534069,0.90622705,-0.37568515,0.02949134,-0.28073699,-0.00544728,0.17216438,-0.33157470,0.79975601,0.09671640,1.11301355,-0.20026387,-0.14960961,0.25030724,-0.16926515,-0.32557192,0.05878900,0.86845956,0.27793750,-0.14413803,-0.07162033
-0.47320651,0.19620406,0.74514056,0.00652894,0.10741036,-0.29752664,0.94862969,-0.39026623,0.21556543,0.17913743,1.24268615,-0.51074919,0.02820710,-0.31841139,-0.16035699,-0.07579954,0.92827951,-0.39993459,0.03049525,-0.22668724,-0.01986949,0.17808959,-0.30623528,0.89352856,0.09769890,1.12594044,-0.17066769,-0.16964130,0.23292883,-0.22477972,-0.38989655,0.05968380,0.83133779,0.26484669,-0.15452441,-0.07535534
-0.45097220,0.18539418,0.74165142,0.01191332,0.10482653,-0.30005787,0.94806896,-0.51244870,0.24245684,0.22406410,1.35514907,-0.53760207,0.02062171,-0.27810616,-0.17349199,-0.06210308,0.92144320,-0.42221443,0.03151457,-0.17171347,-0.02825417,0.17526918,-0.26906743,0.99866480,0.14601298,1.12556818,-0.16804312,-0.14730231,0.21085389,-0.30316344,-0.46564739,0.05426780,0.76457163,0.24688045,-0.15716155,-0.08481721
-0.42219015,0.17320187,0.74268041,0.01638980,0.10606023,-0.31025904,0.94457500,-0.63655647,0.27084683,0.26677435,1.36422412,-0.53848453,-0.00146612,-0.21391446,-0.18109558,-0.04389549,0.85109359,-0.43035055,0.03973367,-0.09876675,-0.03457812,0.15747047,-0.20926550,1.11005760,0.19629890,1.13548792,-0.15848124,-0.15338821,0.20206798,-0.38901984,-0.54715505,0.04858205,0.67115778,0.21725293,-0.16883563,-0.11422952
-0.38587902,0.15970006,0.75124814,0.02109860,0.10659146,-0.32631972,0.93899337,-0.73087647,0.28157650,0.29396161,1.25171438,-0.51340402,-0.05050649,-0.11991664,-0.18771759,-0.00592607,0.71119929,-0.36957511,0.06994065,-0.00517554,-0.04467643,0.12942533,-0.14815452,1.19895131,0.28257914,1.14511685,-0.17240034,-0.13746132,0.22157388,-0.45529448,-0.61345408,0.03633781,0.56071757,0.18839220,-0.18426773,-0.14925008
-0.34097297,0.14546736,0.76666104,0.02300847,0.10347989,-0.34729790,0.93174390,-0.76196707,0.27600943,0.30422736,1.03363264,-0.43319675,-0.11616267,-0.00032342,-0.20070883,0.04801506,0.52134603,-0.16666045,0.15323355,0.08792805,-0.04575992,0.10075280,-0.03916447,1.24774818,0.41894617,1.15618254,-0.19173416,-0.17146664,0.24906794,-0.50371491,-0.66959916,0.04724454,0.45010894,0.14852818,-0.20267281,-0.19140266
-0.29469648,0.12369500,0.78330659,-0.00002186,0.10854611,-0.36979236,0.92275205,-0.75772428,0.31966414,0.25715714,0.75335420,-0.25385163,-0.21512001,0.10929604,-0.14092864,0.09123087,0.32214361,0.23955588,0.26180000,0.17449555,0.01162402,0.05809936,0.09832320,1.24928501,0.61423463,1.14858398,-0.17648957,-0.16766596,0.31406106,-0.55322933,-0.69345165,0.07117959,0.37528109,0.09152292,-0.22455605,-0.24815679
-0.24728426,0.10281164,0.79584589,-0.03079495,0.11394379,-0.37596097,0.91908750,-0.72309662,0.35664369,0.23528822,0.44693031,0.00010323,-0.26180000,0.16525288,-0.07732920,0.08327840,0.28797423,0.42770889,0.26180000,0.22270763,0.09409690,0.00949950,0.23918453,1.23946795,0.77926106,1.13783265,-0.19068264,-0.18782004,0.29055667,-0.61312085,-0.72172925,0.10146833,0.35580016,0.05606817,-0.24777489,-0.27352106
-0.18513409,0.09186468,0.79528228,-0.06103470,0.11313648,-0.37258666,0.91905064,-0.68279980,0.39549037,0.26323436,0.23689014,0.15549730,-0.26180000,0.21755509,-0.13698762,0.07866541,0.40295500,0.45179436,0.26180000,0.24157001,0.18091966,-0.04477736,0.39499212,1.24813387,0.89028463,1.13186611,-0.21655198,-0.18395359,0.28817415,-0.63367357,-0.73672236,0.11206461,0.35843568,0.02435183,-0.24092824,-0.26464778
-0.12520630,0.07533723,0.78507301,-0.09069020,0.10069829,-0.35207132,0.92611065,-0.64060319,0.47048933,0.40505855,0.19956020,0.21878464,-0.23225382,0.30135644,-0.16596621,0.10844134,0.56743681,0.41908898,0.26180000,0.22232362,0.25884608,-0.07006915,0.55191469,1.26800757,0.96969767,1.11676056,-0.15696108,-0.17047629,0.32585202,-0.61121203,-0.74148901,0.10163706,0.37189267,0.02933912,-0.24496972,-0.30332014
-0.06699500,0.06260517,0.76738376,-0.10723221,0.08851618,-0.31913408,0.93745378,-0.63229470,0.47379992,0.45755063,0.29160031,0.22050382,-0.12582769,0.36959570,-0.21012679,0.10119257,0.74571077,0.39109078,0.26131273,0.18267931,0.30765346,-0.09984976,0.68113661,1.29274366,1.02672917,1.08248005,-0.06257539,-0.17062562,0.37375062,-0.53471986,-0.75254438,0.05409618,0.39096951,0.04115013,-0.25104110,-0.34446762
-0.01023694,0.05376756,0.74421910,-0.10306934,0.07686721,-0.29278790,0.94749321,-0.67717410,0.44522382,0.45180674,0.60046477,-0.17463608,0.07614110,0.38598587,-0.31305361,0.11437512,0.94664168,0.34553630,0.25367579,0.14696341,0.32082775,-0.13547279,0.73932991,1.30207683,1.07424315,1.03781257,-0.02803915,-0.17010413,0.43385044,-0.43540145,-0.75870300,-0.00870667,0.41358143,0.04736450,-0.24388864,-0.33230353
0.03953604,0.04671679,0.71822768,-0.11103895,0.04906192,-0.27431330,0.95394732,-0.68704682,0.46009786,0.41946576,0.89538253,-0.44658149,0.16098481,0.35320348,-0.43593665,0.14167115,1.15126805,0.30207881,0.15526583,0.10736962,0.33536053,-0.11254085,0.71915078,1.29943909,1.10774617,0.98078313,-0.01532486,-0.15477062,0.47699565,-0.32462234,-0.71777575,-0.10732503,0.44786830,0.03373783,-0.22961083,-0.31075530
0.08052500,0.04550468,0.69909218,-0.09862895,0.01153950,-0.25031347,0.96305884,-0.63131380,0.38347420,0.39239978,1.06151537,-0.58308611,0.19593471,0.22627675,-0.58642689,0.21628727,1.33574031,0.23908642,0.04846682,0.03100592,0.29307760,-0.03940211,0.60267345,1.24780143,1.10268506,0.90338919,-0.02974704,-0.14672551,0.51661853,-0.21979240,-0.62167813,-0.18825249,0.51352224,0.01296643,-0.21571588,-0.35507896
0.11547723,0.04620799,0.68710938,-0.09142293,-0.02492820,-0.21760631,0.97142572,-0.53401397,0.29067063,0.39169226,1.11140937,-0.68468074,0.24661588,0.00347516,-0.69169349,0.26489034,1.44640003,0.11259960,-0.06792769,-0.07568203,0.26204813,0.04000392,0.45100247,1.12704105,1.00747737,0.82367110,-0.10565819,-0.14954535,0.53919485,-0.11334174,-0.52027492,-0.22545656,0.59905300,0.01419162,-0.18036659,-0.38678914
0.14644893,0.04657563,0.68146072,-0.08870890,-0.06016013,-0.18954864,0.97600349,-0.42538289,0.21418519,0.37971087,1.11502316,-0.74252675,0.26163463,-0.23702055,-0.78775905,0.17567077,1.40386134,-0.01509970,-0.10319843,-0.18077995,0.24633078,0.12173067,0.29390162,0.97333084,0.86728260,0.79764952,-0.18261034,-0.16276632,0.48899981,-0.00708638,-0.44281383,-0.26432393,0.66749742,0.02906894,-0.16656278,-0.30186461
0.17556195,0.04446364,0.68133770,-0.07499836,-0.09284960,-0.18298828,0.97584296,-0.30239717,0.15090718,0.39946597,1.07870237,-0.75575287,0.24294961,-0.40796986,-0.84280937,-0.07196876,1.15161585,-0.00963855,-0.11486981,-0.25209364,0.21410023,0.21248690,0.16592103,0.82530121,0.72425737,0.81815729,-0.20618532,-0.16462610,0.44433761,0.09349118,-0.39339250,-0.25965419,0.72074298,0.00207852,-0.16027322,-0.29289581
0.19752162,0.03673470,0.68758670,-0.04190951,-0.11833398,-0.17743818,0.97609239,-0.18620875,0.05829979,0.43390675,0.99291183,-0.73958668,0.23388079,-0.43020300,-0.69861661,-0.38125239,0.60814265,0.15137079,-0.01197793,-0.31080943,0.15043374,0.27424730,0.05711359,0.65192456,0.55990687,0.82864824,-0.18179726,-0.11352619,0.76284402,0.18239217,-0.35054582,-0.22593357,0.77979372,-0.03484535,-0.13768747,-0.31866989
0.21546613,0.03003866,0.69263089,0.00366591,-0.12560282,-0.20165742,0.97136233,-0.10856805,-0.03801093,0.51155767,0.88352490,-0.70920545,0.20564610,-0.43188329,-0.59485889,-0.91287798,0.25677622,0.06155909,0.00716732,-0.31820630,0.06545387,0.25981431,-0.02251124,0.50558678,0.44564593,0.84653769,-0.20629710,-0.14492211,0.51212237,0.27535090,-0.31223365,-0.21283619,0.83518514,-0.00646292,-0.13242363,-0.20536816
0.22613943,0.01688512,0.68783122,0.02196747,-0.14739222,-0.16464168,0.97503132,-0.05477108,-0.11024832,0.45217630,0.87338410,-0.70132980,0.19000605,-0.56474635,-0.36588395,-0.69837782,0.05800156,0.25886297,0.26178855,-0.44145179,-0.02367285,0.25866894,-0.10815041,0.37007716,0.36740194,0.88821838,-0.13809102,-0.16070829,0.44574801,0.36907636,-0.25093109,-0.21623446,0.90407949,0.00958250,-0.14451615,-0.17870569
0.24738994,0.01705950,0.69450252,0.01968927,-0.16950175,-0.13010327,0.97670601,0.02787287,-0.16696518,0.35388234,0.84004568,-0.68387588,0.21451942,-0.64419600,-0.21564891,-0.33705558,0.12275971,0.26381527,0.26179836,-0.58430388,-0.07469561,0.29035222,-0.20321545,0.24210393,0.26457612,0.91286161,-0.11327004,-0.18284368,0.49357188,0.42938996,-0.23558489,-0.20119131,0.96283372,0.03473884,-0.14487022,-0.17208503
0.26397444,0.01877952,0.70166883,0.00661059,-0.17777806,-0.09909968,0.97904572,0.09176156,-0.17266890,0.29454913,0.80431197,-0.68252392,0.21771974,-0.69457402,-0.13337422,-0.36671526,0.25945616,0.26764466,0.21872410,-0.73261165,-0.09723263,0.32104725,-0.30061343,0.14330043,0.13475860,0.91126703,-0.08309497,-0.20229570,0.54727669,0.45867974,-0.24237280,-0.17769821,1.00718740,0.08340590,-0.13818747,-0.18886204
0.27898073,0.01451192,0.70826447,-0.01064895,-0.18346939,-0.05941677,0.98117034,0.14992431,-0.15196128,0.21836527,0.78119940,-0.68984279,0.18528268,-0.73123517,-0.01431113,-0.33407571,0.34396993,0.27019908,0.24709687,-0.89058550,-0.11978063,0.33515463,-0.39106000,0.07899705,-0.04933448,0.90567374,0.00701744,-0.23094378,0.51439137,0.48056742,-0.26097377,-0.16206185,1.06298425,0.14395562,-0.14098442,-0.15775564
0.29448562,0.00503166,0.71313219,-0.01640681,-0.18049001,-0.02580699,0.98310130,0.17373286,-0.14717122,0.13695890,0.77787188,-0.69474416,0.17721382,-0.79331700,0.14364567,-0.23504512,0.39821019,0.23125663,0.26179718,-1.02415399,-0.13624392,0.30306497,-0.47216959,0.04949246,-0.26362988,0.88035104,0.11001605,-0.23677869,0.42530848,0.49625994,-0.28691858,-0.15982704,1.12762459,0.20721186,-0.13366954,-0.15329196
0.31156070,-0.00724658,0.71877941,-0.01274427,-0.18182109,0.00705089,0.98322376,0.22578409,-0.14687265,0.08421212,0.73683106,-0.68454272,0.13318556,-0.81882410,0.28569566,-0.18121373,0.42523112,0.18965779,0.26180000,-1.12448574,-0.16458910,0.26830915,-0.58218922,0.03724953,-0.45590395,0.84594781,0.28046765,-0.26151345,0.31336468,0.50052577,-0.29907724,-0.19482552,1.17848723,0.27540395,-0.13559443,-0.13636411
0.32804173,-0.01073452,0.72361110,-0.00636437,-0.17666362,0.04653716,0.98314991,0.25983646,-0.16372379,0.02074871,0.69458893,-0.66022532,0.10520055,-0.81265106,0.34118036,-0.18625417,0.42326471,0.19387951,0.26180000,-1.20897250,-0.17457375,0.23496275,-0.71176608,0.00307610,-0.60125071,0.81617034,0.45996442,-0.28929152,0.23846672,0.50751720,-0.29536000,-0.23893908,1.20093221,0.32001577,-0.13524319,-0.13410442
0.33853096,-0.00642593,0.72831838,0.00748988,-0.15904699,0.07962683,0.98402618,0.25519766,-0.20436223,-0.02695839,0.65966994,-0.62220110,0.09027730,-0.78721451,0.31249552,-0.23979099,0.40491179,0.23352334,0.26180000,-1.25039094,-0.15371654,0.19357968,-0.84142310,-0.09107831,-0.71456780,0.82670327,0.51821909,-0.29897582,0.23476247,0.52017951,-0.28428587,-0.25013818,1.20425606,0.39954423,-0.14707316,-0.12523913
0.34676837,0.00112577,0.73353811,0.01775400,-0.13492216,0.10870009,0.98471574,0.23107823,-0.24047931,-0.06267529,0.62999731,-0.58353438,0.08907953,-0.74457709,0.26218704,-0.27276042,0.37740619,0.27347596,0.26180000,-1.24895552,-0.11415167,0.16821569,-0.95572739,-0.21965966,-0.77884015,0.86676604,0.49192977,-0.28795875,0.24786701,0.53127509,-0.26196711,-0.22045420,1.19689696,0.49270734,-0.14706882,-0.11185740
0.35579348,0.00707404,0.73838028,0.01904164,-0.11324645,0.14104275,0.98332070,0.21847899,-0.25144598,-0.10048576,0.60101076,-0.54402221,0.07304857,-0.69766531,0.24300505,-0.22603809,0.35865336,0.31721414,0.26180000,-1.23744525,-0.06812584,0.15515448,-1.03366677,-0.34927679,-0.78244471,0.90262889,0.42584580,-0.28952441,0.20645223,0.53196080,-0.25138049,-0.17003752,1.20018077,0.54493979,-0.14596965,-0.10411158
0.36654601,0.01389840,0.74295720,0.01605490,-0.09606514,0.18084541,0.97867700,0.21366278,-0.25668854,-0.15538793,0.58191913,-0.52085399,0.08001670,-0.63544788,0.22705062,-0.12454455,0.35062827,0.36499759,0.26180000,-1.22341895,-0.02182713,0.14872229,-1.08425212,-0.46404250,-0.79366107,0.91209076,0.33970250,-0.28575175,0.21270299,0.52164179,-0.25876035,-0.11000063,1.21307563,0.53402703,-0.13360149,-0.10200694
0.37484854,0.02114147,0.74571722,0.01584799,-0.07843797,0.20880086,0.97467868,0.20458213,-0.26683492,-0.18722503,0.56171517,-0.50476223,0.09152586,-0.56294301,0.18710174,-0.07630500,0.35315760,0.45309320,0.26180000,-1.18132212,0.02038877,0.13571071,-1.11775045,-0.52682845,-0.83944514,0.88988135,0.27976610,-0.30867659,0.20420633,0.48661254,-0.27699152,-0.04450163,1.23684239,0.55585207,-0.12516499,-0.09450517
0.38121018,0.02980942,0.74669100,0.01975254,-0.05650776,0.23917368,0.96912985,0.18610796,-0.28982149,-0.21565785,0.53940277,-0.48895960,0.10670117,-0.50764583,0.12579745,-0.02835719,0.39135305,0.51556073,0.26179992,-1.13362952,0.06781303,0.09308596,-1.12524305,-0.53381615,-0.90470950,0.82843548,0.28373450,-0.33916232,0.16801568,0.45781722,-0.31100770,-0.01770971,1.24802890,0.55185010,-0.11401270,-0.07985069
0.39181469,0.03335790,0.74388370,0.00830288,-0.04217425,0.26292572,0.96385811,0.15731041,-0.27088740,-0.23180103,0.57285182,-0.49763461,0.09847843,-0.44984223,0.20032578,0.16951863,0.36759658,0.27719491,0.17638567,-1.08432226,0.11400314,0.08416917,-1.11482161,-0.48837010,-0.95366369,0.75876425,0.28765819,-0.35346971,0.11617866,0.40713305,-0.36714391,-0.02616408,1.24835501,0.53060316,-0.09089503,-0.05896212
0.40082808,0.03555116,0.73914522,0.00982822,-0.03045970,0.26709177,0.96313945,0.13386527,-0.27457654,-0.20289835,0.60385675,-0.51224848,0.10992324,-0.44270951,0.16818903,0.12614329,0.31207252,0.20989642,0.08278910,-0.98991427,0.13750905,0.05651138,-1.08789763,-0.42379515,-0.98338813,0.72100099,0.24443911,-0.35520121,0.05138063,0.35858238,-0.42687365,-0.02734183,1.23392877,0.55266692,-0.08880513,-0.06208138
0.40653671,0.03625071,0.73586652,0.01009440,-0.02616642,0.25940930,0.96536016,0.12340680,-0.27343085,-0.17564190,0.62404764,-0.51901539,0.11241435,-0.43246739,0.15828152,0.04186177,0.29415703,0.15281058,0.05205101,-0.88223407,0.14631796,0.02616459,-1.02146288,-0.34628241,-0.98997418,0.73712786,0.22666632,-0.33171600,-0.01594002,0.30434578,-0.48728923,-0.08277598,1.22972174,0.55455124,-0.10527976,-0.09407885
0.41010505,0.03630075,0.73204774,0.01082015,-0.02781317,0.25458354,0.96659018,0.12432801,-0.27128035,-0.16698329,0.64281004,-0.54267575,0.12100957,-0.42766254,0.16583613,0.04543938,0.30091481,0.10928349,0.02623017,-0.78674495,0.13898129,0.02894689,-0.95894731,-0.24557873,-0.98331985,0.77616282,0.21740234,-0.28955917,-0.05048986,0.23327741,-0.53420357,-0.12533873,1.19109996,0.60598318,-0.12469523,-0.15692916
0.41286468,0.03411117,0.72880504,0.01118025,-0.03559803,0.25915922,0.96511361,0.14146910,-0.26773278,-0.18551738,0.65495692,-0.55386651,0.12469304,-0.42897225,0.16750824,0.02929647,0.33610069,0.10062930,0.01964824,-0.72322564,0.11358643,0.04859811,-0.88717615,-0.12198074,-0.93032177,0.83683890,0.25517880,-0.25087282,-0.05513501,0.15645522,-0.55836528,-0.18136496,1.12986340,0.64023094,-0.15205391,-0.21446877
0.41602533,0.03036861,0.72763858,0.01166292,-0.04239179,0.27053434,0.96170582,0.15587041,-0.25559688,-0.19520507,0.66001020,-0.56278080,0.10340924,-0.42376331,0.16369469,0.01765750,0.35453898,0.09846537,0.01423470,-0.68406078,0.08946419,0.06557542,-0.80756375,-0.00442807,-0.82135295,0.93599132,0.31171753,-0.20442352,-0.00226237,0.08639033,-0.58817478,-0.19843217,1.05738666,0.63769280,-0.17615842,-0.22011182
0.41590083,0.02495633,0.72840371,0.01564505,-0.04852400,0.28381378,0.95752305,0.16605493,-0.25812908,-0.22540310,0.66983101,-0.55265467,0.09418446,-0.41422241,0.15113836,0.01028777,0.35688209,0.10763371,0.01411201,-0.66180537,0.05885496,0.07411117,-0.72919459,0.11648521,-0.64519538,1.04447508,0.31332594,-0.13532939,0.05449733,0.03256533,-0.62607366,-0.18148650,0.96924746,0.57751473,-0.18112689,-0.16246500
0.41500640,0.01897921,0.73008083,0.02187832,-0.04922254,0.29453612,0.95412104,0.17105002,-0.26560362,-0.24762566,0.65899508,-0.56278812,0.07960990,-0.40361508,0.13259123,0.00524483,0.33529048,0.12378498,0.01870300,-0.62802681,0.03554174,0.07605653,-0.65819928,0.22234526,-0.37558277,1.09382479,0.19817132,-0.07357897,0.20997054,0.00206300,-0.68132096,-0.16624659,0.87019786,0.44304855,-0.17523549,-0.11142693
0.41431754,0.01170060,0.73182097,0.03027657,-0.04576420,0.30033593,0.95225380,0.17283564,-0.27292022,-0.25981484,0.63299903,-0.55492869,0.08032188,-0.39291634,0.11296238,0.00055629,0.29527155,0.15272643,0.02611965,-0.57056499,0.01326865,0.07108184,-0.60104391,0.31855542,-0.13385214,1.10667708,0.02282606,-0.02814880,0.38644866,-0.00121238,-0.73437022,-0.16921147,0.76259895,0.31341913,-0.17893259,-0.11334392
0.41195319,0.00311654,0.73357178,0.03843472,-0.04018917,0.30196764,0.95169488,0.16535580,-0.28494857,-0.27515630,0.61034866,-0.55198557,0.08794121,-0.38872993,0.10053518,0.01110658,0.25342604,0.18953230,0.05529340,-0.50311517,-0.01117483,0.06404158,-0.56472449,0.42338539,0.06987367,1.11392110,-0.12176859,-0.07209177,0.37321764,0.00344087,-0.77679757,-0.17870814,0.67650200,0.24235076,-0.20346167,-0.14199690
0.40955840,-0.00618332,0.73530795,0.04683970,-0.03404809,0.29827298,0.95272241,0.15906457,-0.29331453,-0.27687720,0.57711413,-0.54644688,0.09869623,-0.38784238,0.09326963,0.03580854,0.21300583,0.22968355,0.09889407,-0.43996294,-0.03351496,0.06554400,-0.51055604,0.53394875,0.20760306,1.09207371,-0.30688262,-0.13625113,0.34779330,-0.01166931,-0.80534742,-0.18739336,0.61372955,0.21259318,-0.21591527,-0.17443910
0.40704193,-0.01601946,0.73677222,0.05286427,-0.02785532,0.29443729,0.95380089,0.15386453,-0.29103255,-0.27081726,0.53430420,-0.55676014,0.09849746,-0.39329948,0.08788710,0.05674948,0.18318533,0.23803330,0.18616275,-0.38664405,-0.05037616,0.07047013,-0.43172166,0.65888723,0.29095438,1.09120766,-0.38990572,-0.16892926,0.30465780,-0.03914167,-0.82266744,-0.19270367,0.57553271,0.23069427,-0.23027618,-0.19360851
0.41053028,-0.03018518,0.73685234,0.05127039,-0.02690663,0.28558875,0.95660151,0.16078309,-0.25903680,-0.26216783,0.49794452,-0.59046317,0.07866816,-0.39436902,0.11065223,0.01947818,0.17126821,0.18643485,0.26179953,-0.33495696,-0.05847528,0.08763914,-0.32118046,0.78449278,0.33945902,1.09387682,-0.37630486,-0.18363920,0.29014154,-0.08234285,-0.82197714,-0.19227560,0.56332216,0.24970012,-0.23301488,-0.19679384
0.41466228,-0.04608577,0.73743218,0.04491464,-0.02596536,0.27309993,0.96058571,0.16628226,-0.21498667,-0.24849060,0.46170847,-0.62026136,0.06712478,-0.40957126,0.13106344,-0.04292005,0.19771461,0.12679541,0.26180000,-0.27920954,-0.05496107,0.11474497,-0.19276684,0.89217793,0.39256288,1.10150126,-0.29754738,-0.18004370,0.28121101,-0.13118368,-0.82118105,-0.18847658,0.57202233,0.25174680,-0.23150920,-0.19059054
0.40929057,-0.04828968,0.74190590,0.03763277,-0.02286087,0.26635117,0.96286978,0.16641564,-0.19541997,-0.24017532,0.41926915,-0.61660677,0.08467750,-0.42764221,0.08246254,-0.03489060,0.24885853,0.06385408,0.26180000,-0.23420997,-0.03920583,0.13692905,-0.04434470,0.94522000,0.46923590,1.10220744,-0.24169858,-0.17100947,0.32507087,-0.15940871,-0.82221750,-0.18295964,0.58576669,0.24798085,-0.22766123,-0.18372688
0.40558389,-0.04917920,0.74757669,0.02920949,-0.01843664,0.26283038,0.96422357,0.16416634,-0.17458085,-0.23268338,0.38018884,-0.58408783,0.09436324,-0.44888675,0.02151802,-0.03305128,0.32598487,-0.00419515,0.24305676,-0.20246001,-0.01502251,0.14696793,0.12527768,0.93237871,0.60194480,1.09240204,-0.22146876,-0.19352621,0.34052312,-0.17122138,-0.81943934,-0.18270920,0.60652409,0.22946911,-0.21606151,-0.18256830
0.40696656,-0.05483776,0.75232063,0.01649026,-0.01514447,0.25875161,0.96568438,0.15734510,-0.13554603,-0.22886165,0.36151965,-0.57347058,0.08266586,-0.45738342,-0.01227525,-0.05082504,0.38752662,-0.04616868,0.19509736,-0.15649200,0.01615762,0.15351443,0.24158462,0.88853409,0.68916242,1.09278706,-0.25558156,-0.19078056,0.32366341,-0.16109038,-0.79446779,-0.18244977,0.63019490,0.22463352,-0.21936294,-0.18682768
0.40920012,-0.06006114,0.75719435,0.00466123,-0.01177845,0.25490121,0.96688413,0.14996030,-0.09835985,-0.21977426,0.34693278,-0.56486974,0.06966781,-0.45898086,-0.05497575,-0.07058284,0.44438184,-0.08058356,0.15447047,-0.10904956,0.04780294,0.15980612,0.31953702,0.82094118,0.75810299,1.10271026,-0.31105016,-0.18369392,0.32291811,-0.15656037,-0.76150226,-0.18186519,0.67151863,0.20972439,-0.19438934,-0.19319135
0.41155295,-0.06478690,0.76085876,-0.00520109,-0.00759431,0.25233058,0.96759731,0.14616945,-0.06884526,-0.21709070,0.32663409,-0.55270382,0.05966869,-0.45456845,-0.11395550,-0.10501469,0.49388615,-0.11250519,0.12741466,-0.06384369,0.07586122,0.16495971,0.37506721,0.73264343,0.79492690,1.10883047,-0.36273359,-0.17611075,0.34415424,-0.14557475,-0.72226737,-0.18531175,0.71487416,0.18853560,-0.17667621,-0.18260365
0.41392403,-0.06911824,0.76328643,-0.01262154,-0.00183196,0.25050531,0.96803121,0.13770731,-0.04543425,-0.21084443,0.31203459,-0.54968956,0.05117616,-0.44801041,-0.18617667,-0.14489254,0.52553768,-0.12979465,0.10347382,-0.01885605,0.09851882,0.16030460,0.41701328,0.63942144,0.80333849,1.13035190,-0.37715888,-0.16827378,0.32419998,-0.12939554,-0.68021601,-0.18202013,0.76846113,0.17850117,-0.15108080,-0.16696366
0.41688207,-0.07385943,0.76430459,-0.01874675,0.00583538,0.24785771,0.96859747,0.12810888,-0.02484603,-0.20261700,0.29365148,-0.54924652,0.04487296,-0.43904272,-0.26135396,-0.19113741,0.54206222,-0.13961456,0.08105175,0.02621230,0.11795033,0.15493544,0.44082186,0.53519375,0.78034329,1.15089720,-0.38847697,-0.16943453,0.32938890,-0.12513556,-0.64526298,-0.17948740,0.84053865,0.12536081,-0.15421090,-0.14066738
0.42062723,-0.07883712,0.76422943,-0.02319039,0.01331423,0.24557094,0.96900973,0.11962533,-0.00750077,-0.19379326,0.27784728,-0.54963342,0.03713743,-0.42318222,-0.33427492,-0.24142957,0.53984941,-0.15278120,0.07168706,0.07286139,0.13057303,0.14217734,0.45541987,0.43897994,0.75843024,1.18895695,-0.38005818,-0.16308278,0.29907184,-0.11267923,-0.60243126,-0.17557428,0.91926634,0.09669686,-0.13739468,-0.11100286
0.42517071,-0.08456817,0.76361469,-0.02475291,0.02212281,0.23877027,0.97050844,0.10925773,0.00466206,-0.17822608,0.26738207,-0.55149859,0.03274454,-0.40065360,-0.39552215,-0.29091634,0.50701375,-0.15296640,0.06818614,0.12518698,0.13370742,0.12791734,0.45803242,0.33466226,0.71893047,1.21132208,-0.39635168,-0.14950565,0.28208922,-0.10855741,-0.55143075,-0.18258021,0.99813194,0.07706476,-0.11891162,-0.09592724
0.43063610,-0.09123153,0.76255040,-0.02415321,0.03180992,0.22730120,0.97300510,0.09638299,0.01285013,-0.15546201,0.26362210,-0.55529451,0.02524579,-0.37958672,-0.45357297,-0.36508987,0.46458724,-0.16079919,0.06904785,0.18089587,0.12779275,0.10839218,0.45999768,0.23822033,0.68324208,1.23779530,-0.40062371,-0.14125582,0.26258207,-0.09708855,-0.49549385,-0.19402982,1.06644231,0.08485146,-0.10056475,-0.08527299
0.43768898,-0.09878427,0.76190394,-0.02247761,0.04335769,0.21062817,0.97634555,0.08067347,0.01984200,-0.12908031,0.26542843,-0.55733910,0.02243910,-0.36541836,-0.49071868,-0.43029685,0.41882194,-0.17135923,0.07593191,0.24004868,0.11790562,0.08918733,0.44523712,0.14870945,0.65418974,1.27105647,-0.42258888,-0.13483643,0.24797491,-0.09220107,-0.44277631,-0.19808175,1.13996599,0.09575505,-0.08922318,-0.08705110
0.44633862,-0.10802721,0.76200889,-0.02125688,0.05593243,0.19043622,0.97987436,0.06534615,0.03104508,-0.10093132,0.26759804,-0.55247310,0.01644626,-0.35948018,-0.49909801,-0.47178209,0.37492129,-0.16712634,0.06643415,0.29295096,0.10553456,0.06773021,0.42859171,0.06663471,0.61868878,1.29625387,-0.42084007,-0.13128427,0.24217260,-0.08759831,-0.38905706,-0.20221625,1.19401068,0.10343270,-0.08178657,-0.09115113
0.45703704,-0.11888646,0.76235514,-0.01862016,0.06961280,0.16734207,0.98326191,0.05369409,0.04107302,-0.07599796,0.26646897,-0.53948466,0.00706694,-0.35523858,-0.48418247,-0.50536858,0.32833898,-0.14767495,0.08024858,0.32710468,0.08646278,0.04567550,0.41023394,-0.00433149,0.58317616,1.31022459,-0.43244823,-0.13001098,0.24057285,-0.09063145,-0.33321664,-0.18157317,1.24137663,0.10973700,-0.08745590,-0.11222674
0.47030525,-0.13076819,0.76342413,-0.01450083,0.07960504,0.14898440,0.98552342,0.05365708,0.05194753,-0.05917889,0.26395199,-0.50820522,-0.00685863,-0.34710225,-0.45744794,-0.52739521,0.26743025,-0.06686138,0.10577657,0.33578375,0.06966946,0.03264305,0.37760547,-0.05486935,0.55938222,1.33492811,-0.41889785,-0.13470061,0.23214932,-0.08708933,-0.27843628,-0.16743857,1.26042385,0.11733117,-0.09679252,-0.11323148
0.48361283,-0.14353564,0.76612126,-0.01144814,0.09066877,0.13483366,0.98664482,0.04919059,0.06413016,-0.05489981,0.26152935,-0.46579942,-0.02490275,-0.35951705,-0.40770802,-0.46685183,0.21233721,-0.01423474,0.13257341,0.31313525,0.05317031,0.01437390,0.34692782,-0.08725611,0.52237985,1.33632305,-0.40487486,-0.13592098,0.22611643,-0.08152581,-0.22727857,-0.13201116,1.25992493,0.13228983,-0.10108009,-0.11450329
0.49714076,-0.15777954,0.77010079,-0.01172517,0.09833514,0.12022683,0.98779463,0.04618794,0.08642909,-0.05429019,0.26941982,-0.40722679,-0.04689947,-0.36546630,-0.37098625,-0.45258271,0.19539866,-0.00460658,0.12301910,0.28161362,0.04637625,0.00547394,0.31017142,-0.08852470,0.44950110,1.30853227,-0.37990701,-0.13871072,0.21331044,-0.07558970,-0.18499059,-0.08233726,1.24145779,0.14966306,-0.10716025,-0.11971486
0.51409899,-0.17103738,0.77306871,-0.01227472,0.10307014,0.11240021,0.98822673,0.04857718,0.10949013,-0.05638857,0.27429906,-0.37561045,-0.08523006,-0.35587836,-0.34728773,-0.46388858,0.19057022,-0.00640017,0.12229443,0.22682108,0.04463170,-0.00327858,0.29015382,-0.06089105,0.36862864,1.25257441,-0.32619779,-0.14500461,0.16354445,-0.06476158,-0.15799956,-0.02554995,1.22252092,0.13632889,-0.11218693,-0.09754179
0.53167453,-0.18437006,0.77546887,-0.01253932,0.10734044,0.10244248,0.98885102,0.05162328,0.12572597,-0.07795819,0.30260975,-0.31942290,-0.09791135,-0.35621022,-0.31831137,-0.45360901,0.20045251,-0.02406915,0.10033375,0.16857959,0.04229519,-0.01046162,0.27474772,0.00362321,0.27936391,1.19032880,-0.22420342,-0.15169318,0.12580873,-0.05741189,-0.14912041,0.05251815,1.20361578,0.10710136,-0.12080162,-0.05951876
0.54926498,-0.19794714,0.77747885,-0.01425720,0.10706154,0.09343732,0.98974948,0.05252710,0.15011508,-0.07379123,0.34374841,-0.27001360,-0.11659401,-0.35081586,-0.28657964,-0.44552009,0.22085638,-0.06183746,0.06810748,0.11177262,0.05095565,-0.00456747,0.26962900,0.08256041,0.20272354,1.09681724,-0.12748699,-0.14894510,0.12786489,-0.06125541,-0.15633805,0.11833020,1.18339223,0.07705833,-0.12799466,-0.04000531
0.56772223,-0.21017189,0.77956004,-0.01478303,0.10700984,0.08276964,0.99069649,0.04319679,0.16890952,-0.06484230,0.40645331,-0.21041046,-0.12397506,-0.34218835,-0.25837866,-0.43724130,0.23847049,-0.09581054,0.04350434,0.06712594,0.06027017,-0.00995988,0.26641570,0.16815983,0.16457741,1.01364395,-0.07394463,-0.14362726,0.11742801,-0.05412527,-0.17590919,0.16355041,1.15583717,0.06135411,-0.13050769,-0.01490831
0.58464299,-0.22111704,0.78164732,-0.01384506,0.10584223,0.07099440,0.99174872,0.01716591,0.17787372,-0.05879031,0.49949126,-0.14938002,-0.11146159,-0.32996008,-0.23182925,-0.41752119,0.24749261,-0.12212528,0.02062182,0.03416219,0.06964256,-0.01454413,0.25672360,0.24368639,0.15430397,0.93576422,-0.07387290,-0.12645582,0.12808511,-0.05460136,-0.20277614,0.19526940,1.13298826,0.05971404,-0.12572384,-0.00240396
0.60196792,-0.23048988,0.78362819,-0.01250073,0.10074729,0.05934268,0.99306201,-0.01338563,0.18943913,-0.04478735,0.61521723,-0.07224211,-0.08477665,-0.30082817,-0.20742343,-0.40250449,0.24295703,-0.14238427,-0.00153978,0.01585043,0.08165829,-0.00905710,0.22468854,0.31224189,0.15002969,0.89338873,-0.10803889,-0.12048096,0.13905679,-0.05687267,-0.23400029,0.20003248,1.11396848,0.08706765,-0.11798427,0.00802409
