-1.84426785,0.22659364,0.70018722,-0.00639566,-0.01355711,-0.04299759,0.99896272,-0.04772884,-0.00419386,0.09415964,0.28362668,-0.44533649,0.11978059,-0.08260712,-0.05782092,-0.06206936,0.90204255,-0.27410777,0.06146917,0.03967638,-0.01419506,0.12711037,0.10811807,0.03689049,-0.01417593,0.94299319,-0.46365466,-0.40242842,0.18717051,0.12912660,-0.14665441,0.25637410,1.00794073,0.02770439,-0.13752045,-0.07716866
-1.80042309,0.22716382,0.70369933,-0.01128699,-0.00814725,-0.01865580,0.99972906,0.03328158,-0.01082425,0.05532023,0.21622105,-0.44830711,0.09417494,-0.20421209,-0.06290934,-0.14089797,0.82777611,-0.33162728,0.07115744,-0.03768807,0.00005251,0.11031212,-0.04493770,0.07439877,-0.06700442,0.95706066,-0.46418155,-0.45653178,0.12899963,0.18697547,-0.14910109,0.27404162,1.10923531,0.00969399,-0.17490381,-0.05295078
-1.75810361,0.22702432,0.70289401,-0.01180992,-0.00701417,0.00968382,0.99985877,0.12306659,-0.02143052,0.00631105,0.14792708,-0.45847350,0.06606628,-0.29126179,-0.08044802,-0.21510436,0.69315928,-0.32522506,0.10233376,-0.11813720,0.01079008,0.11038814,-0.19087987,0.10486747,-0.08505863,0.91653321,-0.48240594,-0.45483581,0.07158779,0.24918696,-0.16270703,0.27063874,1.16652843,-0.03014176,-0.16598036,-0.02371401
-1.71445455,0.22784811,0.69760762,-0.00216933,-0.00719816,0.03433028,0.99938227,0.21619390,-0.04419343,-0.04051072,0.08599180,-0.46032354,0.05493193,-0.37896153,-0.11192255,-0.24374156,0.55736493,-0.29381155,0.12103918,-0.18846699,-0.00144876,0.10521866,-0.31790152,0.13835384,-0.09224904,0.86892982,-0.53411605,-0.44974584,0.00804466,0.32240739,-0.17073648,0.24110996,1.19523626,-0.06097630,-0.14668472,0.01604238
-1.66834055,0.22778452,0.68858893,0.00797842,-0.00954462,0.06632020,0.99772084,0.30166063,-0.05594847,-0.11068155,0.05327461,-0.46567011,0.02707098,-0.42035406,-0.15881987,-0.30086869,0.37570911,-0.23593184,0.15955557,-0.26651506,-0.01668894,0.10240969,-0.43883857,0.17412961,-0.09430869,0.82702915,-0.57999300,-0.44810301,-0.01725688,0.40823308,-0.18420721,0.20835660,1.18494466,-0.07204069,-0.14295450,0.02408883
-1.62095365,0.22724526,0.67737778,0.01689916,-0.01286069,0.09532021,0.99522012,0.38261344,-0.05559619,-0.18331979,0.04157772,-0.48358827,0.00270640,-0.47131210,-0.18459953,-0.29440507,0.24948665,-0.22232870,0.20749028,-0.33490029,-0.03313490,0.10392637,-0.55151514,0.21294121,-0.10865136,0.79661237,-0.61565580,-0.45865762,-0.01641297,0.49155346,-0.19186785,0.17401698,1.15467825,-0.08755363,-0.13819293,0.01596082
-1.57243798,0.22829465,0.66609404,0.02261187,-0.01571330,0.12562487,0.99169561,0.45721162,-0.03818091,-0.24964667,0.04434743,-0.49861921,-0.01898687,-0.51095143,-0.22229370,-0.29735511,0.17213575,-0.22233300,0.23969237,-0.39767642,-0.04499720,0.10382188,-0.66007251,0.24999311,-0.10664062,0.78673374,-0.62358285,-0.45635641,-0.03204772,0.56005170,-0.19174245,0.13832816,1.14385578,-0.11331638,-0.14148025,0.04287866
-1.52262796,0.22787540,0.65627460,0.02041313,-0.01618148,0.15229754,0.98799136,0.51647243,0.00294921,-0.29975111,0.05615241,-0.48511512,-0.06286788,-0.53410346,-0.24176574,-0.30013645,0.13980953,-0.22959624,0.25683469,-0.45345627,-0.03812019,0.10481144,-0.72410965,0.28087271,-0.10919515,0.75070843,-0.61159533,-0.45708288,-0.04615358,0.61679504,-0.18522392,0.10102527,1.12923821,-0.07895951,-0.13260632,0.06850109
-1.47203597,0.22860815,0.64929262,0.01593592,-0.01045983,0.17419672,0.98452635,0.55913152,0.04223172,-0.34798826,0.08518934,-0.44269487,-0.10817648,-0.55317094,-0.25933989,-0.30504740,0.18120616,-0.23311099,0.25629643,-0.49716129,-0.01530391,0.10094302,-0.76354866,0.30200995,-0.10310537,0.72139217,-0.58217399,-0.46811129,-0.04124949,0.65646933,-0.18267334,0.07298428,1.11108538,-0.04947962,-0.12412680,0.08016746
-1.41841886,0.22797409,0.64596580,0.01382238,0.00104476,0.17995891,0.98357645,0.58040758,0.05872532,-0.39459409,0.12895204,-0.36415482,-0.09295534,-0.58028184,-0.25899513,-0.29990065,0.29034750,-0.08889190,0.24588027,-0.51487934,0.01647403,0.08312288,-0.75668790,0.31084391,-0.08066010,0.68427703,-0.52996605,-0.47852553,-0.02677433,0.66571264,-0.19461842,0.05566455,1.12025174,-0.01408690,-0.12826804,0.06716114
-1.36686093,0.22778734,0.64925891,-0.00562639,0.01474798,0.17389119,0.98463836,0.56241662,0.08708486,-0.40774124,0.22596924,-0.16090443,-0.14293622,-0.62351370,-0.21932258,-0.28657858,0.45425009,-0.06438270,0.20505676,-0.50933197,0.08029022,0.08432791,-0.70593185,0.29859989,-0.04369972,0.63493112,-0.49984850,-0.47576362,-0.04986200,0.62534565,-0.20528405,0.05923129,1.15152280,0.00722292,-0.11049773,0.08132741
-1.31491425,0.22563359,0.65666820,-0.02789799,0.02374257,0.15452939,0.98730880,0.52002131,0.08504960,-0.42793688,0.36216850,0.06321242,-0.23449080,-0.62927375,-0.13374602,-0.27848069,0.54942190,-0.13340807,0.11477305,-0.47026835,0.14534000,0.08751557,-0.61889781,0.24069811,-0.01380288,0.60091507,-0.48056915,-0.47584694,-0.07235958,0.56788545,-0.21526559,0.09047161,1.18163055,-0.01772255,-0.08523654,-0.02246213
-1.26165235,0.22402665,0.66717623,-0.01983685,0.02302901,0.13116521,0.99089447,0.44404918,0.03831603,-0.35275584,0.55242970,0.21290481,-0.25065841,-0.58075484,-0.08899682,-0.23981535,0.59644370,-0.22467154,0.02183387,-0.39553637,0.14290818,0.08501487,-0.52058080,0.18313600,-0.01521140,0.60793051,-0.48718539,-0.46891853,-0.05564948,0.46887598,-0.20128707,0.09711442,1.23510476,-0.00027309,-0.08585606,-0.04544742
-1.21251198,0.22304074,0.68019222,-0.00721179,0.01464865,0.10718365,0.99410516,0.32943328,0.01722061,-0.23526376,0.74189530,0.03810575,-0.16131570,-0.48399137,-0.05779319,-0.20118821,0.58374063,-0.28608029,0.01532391,-0.29408247,0.12245228,0.09079244,-0.42326028,0.11669174,-0.02677062,0.66091920,-0.47048590,-0.45173431,-0.05787875,0.37463434,-0.17648109,0.13743845,1.24281129,0.02248995,-0.08815528,-0.08722562
-1.16469528,0.22271261,0.69325878,0.00668995,0.00947211,0.08633813,0.99619840,0.19416783,0.00892182,-0.12462493,0.87458253,-0.10276282,-0.08922085,-0.38204687,-0.03951110,-0.15568273,0.54004037,-0.32646958,0.01991235,-0.20394655,0.09688457,0.08495491,-0.30593022,0.06858561,-0.04920361,0.75141818,-0.44810659,-0.43915317,-0.05126120,0.25885871,-0.16175886,0.18011062,1.22801275,0.04932244,-0.11371233,-0.10928028
-1.11717877,0.22264814,0.70615276,0.02429809,0.00409191,0.06624912,0.99749883,0.07302583,-0.01750045,-0.03567426,0.92167644,-0.23053528,-0.04289107,-0.27272930,-0.03896147,-0.11162962,0.48441183,-0.36289858,0.02169700,-0.12653589,0.06213578,0.08201689,-0.15908444,0.05356989,-0.10878829,0.83682292,-0.44127690,-0.42333070,-0.00507070,0.12416153,-0.16422599,0.21481970,1.21197655,0.07024922,-0.14786404,-0.15318023
-1.07035076,0.22360093,0.71590895,0.03915540,-0.00341849,0.04476293,0.99822415,-0.02767059,-0.03819111,0.04352271,0.88140012,-0.31653753,-0.01359375,-0.15120699,-0.04072696,-0.06446592,0.40511764,-0.37875415,0.03382212,-0.05776344,0.02749538,0.08137366,-0.00060588,0.05595650,-0.17318001,0.93029331,-0.41000568,-0.41008308,0.01696120,-0.01414097,-0.16846184,0.23394494,1.18025433,0.05787614,-0.18012586,-0.21992050
-1.02459364,0.22425229,0.72167832,0.04708988,-0.00852569,0.02258350,0.99859894,-0.12213025,-0.02709342,0.13537000,0.79951486,-0.35244208,0.00504876,-0.03642488,-0.04288327,-0.03772472,0.32193673,-0.38832277,0.04991893,0.01270892,0.00796658,0.08908743,0.14532802,0.07710872,-0.22483812,1.00850110,-0.34475139,-0.40437129,-0.00319567,-0.15698291,-0.18764038,0.24402466,1.13446503,0.07345709,-0.18782314,-0.22898180
-0.97856251,0.22577639,0.72289497,0.04799870,-0.01293001,-0.00339238,0.99875794,-0.20546720,-0.00819624,0.20936320,0.67979033,-0.35041665,-0.00124579,0.06748128,-0.03602603,-0.00602912,0.25439929,-0.39714348,0.06903466,0.08812077,0.00194350,0.09337376,0.29796025,0.10649851,-0.24853933,1.05605535,-0.27458428,-0.38286148,-0.06253889,-0.29476812,-0.20947590,0.23454432,1.08854990,0.11298996,-0.20163228,-0.20552862
-0.93276356,0.22737422,0.71907445,0.04419705,-0.01583318,-0.03185282,0.99838937,-0.27335781,0.02011813,0.27286355,0.51948280,-0.34699534,-0.02361296,0.16204869,-0.02526575,0.04585097,0.20119973,-0.40225041,0.08590531,0.16919154,0.00700277,0.09885223,0.45666944,0.13732432,-0.24837824,1.06031609,-0.22993849,-0.38240597,-0.08516025,-0.43428007,-0.23756690,0.21409256,1.03905023,0.16202396,-0.22662093,-0.20578611
-0.88530671,0.22817504,0.71111319,0.03573368,-0.02297370,-0.06106059,0.99722962,-0.32554955,0.06601541,0.31828489,0.36103675,-0.31984192,-0.04998700,0.26115864,-0.01002973,0.11734645,0.16466351,-0.41414398,0.10076804,0.25087755,0.02022903,0.11060393,0.61230437,0.16951116,-0.22081258,1.04560251,-0.21835042,-0.36607671,-0.10286942,-0.54902120,-0.27702037,0.21334336,0.99518570,0.18471498,-0.21635788,-0.30570785
-0.83792106,0.22849804,0.69936167,0.02578754,-0.02755961,-0.08669728,0.99551949,-0.38269926,0.11978985,0.35472566,0.22086162,-0.30459988,-0.06670664,0.34324334,0.00381940,0.19144375,0.15798413,-0.44085408,0.10906215,0.33295359,0.04018308,0.11624945,0.74317998,0.19336975,-0.15555324,1.04279596,-0.21197870,-0.35736734,-0.12703793,-0.66731063,-0.32552629,0.20407627,0.96846535,0.21059739,-0.23517501,-0.29475055
-0.78963511,0.22979788,0.68778528,0.01606268,-0.02475553,-0.11220466,0.99324683,-0.44969141,0.17502461,0.38803306,0.11278576,-0.31512004,-0.09678032,0.39916453,0.00931686,0.24890056,0.17295724,-0.46370022,0.13918692,0.40114886,0.05186741,0.09985264,0.87881554,0.21316814,-0.02500006,1.04671738,-0.20008536,-0.36891815,-0.22433108,-0.76533387,-0.37709727,0.21631031,0.96138913,0.22067069,-0.25777391,-0.32608569
-0.73926351,0.23004494,0.67627106,0.01238296,-0.02636173,-0.14132996,0.98953401,-0.48632253,0.21373957,0.38362339,0.04287387,-0.29619463,-0.13038742,0.45838541,-0.00703345,0.30990709,0.19835370,-0.45629075,0.15941615,0.47440188,0.05572404,0.09976458,0.97643642,0.22083111,0.05942203,1.06234297,-0.19184068,-0.36675654,-0.21420160,-0.83775420,-0.40719864,0.19821899,0.94036788,0.19104854,-0.25059552,-0.31911167
-0.68685402,0.23063782,0.66802596,0.02042571,-0.02521829,-0.16347364,0.98601379,-0.51631102,0.22294931,0.34167053,0.07825314,-0.30281200,-0.11243642,0.50671351,-0.04835520,0.37065408,0.23360479,-0.42105411,0.17438086,0.53672838,0.02121744,0.10324352,1.04825528,0.23650954,0.12371727,1.07211138,-0.21816779,-0.36783103,-0.16803725,-0.88198475,-0.43831466,0.22241597,0.93486747,0.20280454,-0.25887694,-0.39963593
-0.63136369,0.23140431,0.66299186,0.03302140,-0.01666869,-0.17682947,0.98354618,-0.55411949,0.21597523,0.32386499,0.20605756,-0.26752110,-0.10790629,0.53353888,-0.08990439,0.42343943,0.27535641,-0.33920503,0.20298102,0.57517151,-0.03348537,0.09800536,1.08344836,0.23659156,0.22357042,1.09303119,-0.22338780,-0.37266401,-0.12553291,-0.89475787,-0.43839867,0.19178789,0.93489546,0.20379038,-0.25281489,-0.36297908
-0.57523845,0.23053194,0.65822479,0.04443524,0.00006505,-0.17941167,0.98277004,-0.61671363,0.21197850,0.32545720,0.37969006,-0.12256357,-0.11529612,0.53556149,-0.10966899,0.45940121,0.31885517,-0.13278133,0.26144123,0.59884490,-0.09588053,0.08055889,1.07790504,0.24154664,0.28855128,1.10209257,-0.24456220,-0.38101278,-0.08127101,-0.86696128,-0.44244326,0.17779976,0.92729422,0.22107622,-0.26273018,-0.33801688
-0.52118362,0.22219646,0.66130158,0.05786427,0.01338217,-0.17317369,0.98309894,-0.66138080,0.18829838,0.29999238,0.55133211,-0.17984329,-0.05677164,0.52144270,-0.09911556,0.42680094,0.38587204,0.13342302,0.26180000,0.60803132,-0.16277007,0.08224164,1.02696545,0.25099503,0.31382149,1.09190467,-0.29094477,-0.39475601,-0.01767022,-0.80277768,-0.43039820,0.16536978,0.89822097,0.23342798,-0.26483847,-0.32686129
-0.46739977,0.21846435,0.66697521,0.05835578,0.02116747,-0.16419869,0.98447211,-0.66401096,0.16383705,0.28516645,0.66824519,-0.27516031,0.01727376,0.47531406,-0.08648516,0.33831005,0.50401121,0.34760985,0.26180000,0.61077069,-0.17987735,0.10905337,0.89144804,0.24580377,0.28912161,1.09450412,-0.33008560,-0.41065394,0.05823198,-0.74227641,-0.42850544,0.16144312,0.87294045,0.25054298,-0.26466068,-0.31041522
-0.41626202,0.23058839,0.67950745,0.04809279,0.01885065,-0.14921958,0.98745392,-0.59799958,0.11965885,0.27461109,0.69554634,-0.37736198,0.07962898,0.39208260,-0.09744678,0.28994001,0.64086850,0.30218042,0.26180000,0.53049868,-0.17172222,0.08596990,0.80568572,0.20675210,0.27838992,1.09639476,-0.34349592,-0.44018844,0.13000517,-0.64663948,-0.34897823,0.14139094,0.86351485,0.20097032,-0.26567519,-0.28441797
-0.36533570,0.24538855,0.69235384,0.05415248,0.01132234,-0.12917714,0.99007706,-0.49291647,0.02734777,0.27697348,0.64397947,-0.42981758,0.13271291,0.28373685,-0.16715363,0.23029939,0.77777294,0.06263838,0.23266396,0.43848722,-0.16157642,0.08354694,0.69744707,0.14064870,0.19740426,1.07678933,-0.36187885,-0.44856696,0.17508981,-0.51588073,-0.28727524,0.15082085,0.83321701,0.15012716,-0.22486705,-0.30654594
-0.31776111,0.24774793,0.70742752,0.04025501,0.00443125,-0.11016045,0.99308840,-0.36851809,-0.00679762,0.23493531,0.56355121,-0.46146843,0.13799576,0.17055343,-0.15530270,0.14236700,0.88061552,-0.12706476,0.16431835,0.35287158,-0.12657222,0.07789913,0.54287039,0.10549403,0.11139964,1.07906603,-0.37683325,-0.46041469,0.21007012,-0.39067960,-0.23409406,0.16457713,0.84221186,0.15709876,-0.20608052,-0.26987937
-0.27219002,0.24900945,0.72230742,0.02378719,-0.00081929,-0.08940045,0.99571133,-0.23598483,-0.02758615,0.17653118,0.45341482,-0.47142503,0.13614140,0.06041845,-0.12105586,0.06523908,0.92172194,-0.26124413,0.10829257,0.26332236,-0.08576121,0.07047578,0.37625205,0.06905105,0.06954088,1.05175314,-0.39327431,-0.44336989,0.18730713,-0.26030358,-0.18956024,0.17075650,0.88288437,0.14929003,-0.19817216,-0.19966242
-0.22836319,0.24884949,0.73450097,0.00353883,-0.00618015,-0.06933549,0.99756798,-0.10694865,-0.02141603,0.12128661,0.34794149,-0.46912012,0.11466061,-0.04417409,-0.08758633,-0.02854123,0.90592187,-0.34777266,0.06313979,0.17086286,-0.03487901,0.07201476,0.19973219,0.05564083,0.00838567,1.01449284,-0.44858822,-0.45190665,0.17248134,-0.14648763,-0.15670261,0.18572069,0.95784799,0.15109008,-0.19763324,-0.16066574
-0.18539117,0.24940332,0.74192357,-0.00777594,-0.00837433,-0.04701998,0.99882858,0.01176218,-0.02164698,0.07499300,0.24009220,-0.45916235,0.09085836,-0.14455166,-0.07671814,-0.12025720,0.83896904,-0.39539343,0.04271560,0.08091545,-0.00269023,0.07133911,0.01376433,0.06152684,-0.03080055,0.98731671,-0.47758892,-0.45789310,0.16200300,-0.02381518,-0.13928260,0.18448870,1.04020374,0.13035373,-0.19098133,-0.15198984
-0.14326393,0.24889661,0.74397804,-0.00967616,-0.00808668,-0.02197228,0.99967905,0.11352397,-0.03367671,0.01698101,0.15353384,-0.43558385,0.06648990,-0.23672031,-0.08330275,-0.19364133,0.72550711,-0.36752959,0.05623051,-0.01096958,0.00922863,0.06836610,-0.17371858,0.09015691,-0.05904431,0.95850065,-0.50332497,-0.46399901,0.13890835,0.09012458,-0.13463453,0.18824827,1.13130723,0.10244767,-0.17161186,-0.14034879
-0.10053529,0.24866218,0.74155410,-0.00397695,-0.00891378,0.00976335,0.99990470,0.20551080,-0.05120621,-0.05826165,0.08796161,-0.42776901,0.05558402,-0.31507401,-0.10448720,-0.24550275,0.58312533,-0.31934280,0.08431632,-0.11476327,0.00342049,0.06691278,-0.34927594,0.13349018,-0.06603832,0.93268944,-0.50853244,-0.47452083,0.09987050,0.20544870,-0.14199383,0.17570598,1.19450001,0.09094547,-0.15829594,-0.07124940
-0.05605159,0.24900214,0.73417406,0.00369932,-0.01190988,0.04546822,0.99888794,0.29897249,-0.06163180,-0.13849990,0.03696195,-0.43160421,0.03514986,-0.38173206,-0.12708526,-0.26482854,0.43412164,-0.28665096,0.13134158,-0.22155017,-0.00985742,0.07069058,-0.51947016,0.19327709,-0.07455835,0.91023431,-0.53364943,-0.47206255,0.05647830,0.32030994,-0.16198857,0.15002712,1.23518123,0.06620568,-0.15353047,-0.02979255
-0.01072931,0.24936150,0.72267619,0.01266239,-0.01626626,0.08048034,0.99654302,0.38613341,-0.06227566,-0.21467638,0.01330425,-0.45275848,0.01507985,-0.44316208,-0.15637066,-0.26072732,0.29533354,-0.25844133,0.17380122,-0.32753386,-0.02630127,0.07989337,-0.67377907,0.25829445,-0.08632343,0.89523683,-0.57395955,-0.48201965,0.04899021,0.42399591,-0.19004762,0.11223284,1.25785031,0.04486803,-0.13619470,-0.00789761
0.03610479,0.25049498,0.70957024,0.02019335,-0.02103929,0.11529287,0.99290339,0.46301151,-0.04901677,-0.28229360,0.01223876,-0.47128910,-0.01348418,-0.49188395,-0.18836869,-0.24282647,0.17839128,-0.24634019,0.22259588,-0.42748987,-0.04397281,0.09279174,-0.82131257,0.32073285,-0.08970466,0.89924357,-0.59730351,-0.49884186,0.05670883,0.51742313,-0.21571413,0.04627916,1.26254682,0.03557113,-0.13643591,0.01422343
0.08447332,0.24845870,0.69670246,0.02029033,-0.02206362,0.14244423,0.98934885,0.52010170,-0.01302105,-0.32307366,0.03221063,-0.49334844,-0.05546621,-0.52966596,-0.20007546,-0.24145864,0.11758734,-0.24481116,0.26178561,-0.49954150,-0.04838021,0.10466386,-0.95829242,0.36920235,-0.10766274,0.91794921,-0.60018523,-0.52013520,0.05712086,0.60199509,-0.23273000,-0.00305170,1.25288231,0.05215388,-0.09124029,-0.00832249
0.13404215,0.24879578,0.68720283,0.01401749,-0.02096825,0.16518774,0.98593958,0.56481911,0.03239889,-0.35747239,0.06997257,-0.47858624,-0.08825310,-0.53831120,-0.21249661,-0.24775228,0.14989606,-0.23435530,0.26179454,-0.55913403,-0.03372380,0.11780772,-1.04016122,0.41367725,-0.12061916,0.90977733,-0.58722720,-0.52356265,0.05537252,0.66287561,-0.24535672,-0.05269357,1.25602832,0.06465995,-0.08577069,-0.01075397
0.18573311,0.24921659,0.68169038,0.01021866,-0.01080407,0.17508699,0.98444065,0.59148124,0.05383027,-0.39803649,0.11582991,-0.41171265,-0.10868777,-0.55354929,-0.22537970,-0.27406798,0.25709775,-0.15052328,0.26179942,-0.58596068,-0.00187401,0.11596621,-1.09460804,0.43984818,-0.11927845,0.90874860,-0.56479098,-0.54346093,0.07576545,0.69834554,-0.26714305,-0.08418639,1.26106108,0.08631014,-0.09078513,-0.04309100
0.23816068,0.25144583,0.68201059,-0.00223412,0.00268410,0.17556325,0.98446196,0.59207685,0.07601290,-0.42681540,0.18945617,-0.24185821,-0.14041325,-0.58087335,-0.20426163,-0.25657213,0.38042975,-0.04767544,0.26179615,-0.58597883,0.04896725,0.11013423,-1.07682816,0.42556678,-0.07671462,0.87365009,-0.53687553,-0.52280679,0.04920581,0.70373477,-0.27118046,-0.09265814,1.28423810,0.10027673,-0.06917204,-0.04283586
0.28862886,0.24987446,0.68887000,-0.02498072,0.01654244,0.16104643,0.98649195,0.55136010,0.09223252,-0.42512459,0.30740345,-0.03860426,-0.19016649,-0.60982745,-0.14264401,-0.26599758,0.51308738,-0.11828284,0.17229504,-0.55270039,0.11887557,0.11183648,-1.00198976,0.39748330,-0.04230847,0.82293074,-0.53891257,-0.51698557,0.03707255,0.66641054,-0.27251002,-0.07805236,1.29646643,0.10239469,-0.07489988,-0.07485572
0.34020213,0.24819724,0.69811243,-0.02371252,0.02353521,0.14574973,0.98875721,0.48571334,0.05997762,-0.38319814,0.47123812,0.15096228,-0.26144635,-0.58350840,-0.09722046,-0.24132763,0.56724318,-0.19640659,0.08465118,-0.49588070,0.13727782,0.10279550,-0.88787838,0.33887068,-0.02536179,0.77336139,-0.55156447,-0.50076303,0.01440381,0.60068511,-0.25344436,-0.05746731,1.29760657,0.11242712,-0.07141589,-0.07967518
0.38882103,0.24592574,0.71028500,-0.00818539,0.02036885,0.12379840,0.99206455,0.38166979,0.04227560,-0.25010715,0.65581886,0.05433317,-0.19702495,-0.51445389,-0.07172663,-0.20035956,0.58575124,-0.27575473,0.02552692,-0.39819759,0.10748127,0.10005097,-0.76015762,0.26233711,-0.02936877,0.75119760,-0.53998417,-0.46626950,-0.03304576,0.51123959,-0.20191151,-0.00300710,1.28351484,0.14509167,-0.07892704,-0.10729159
0.43547578,0.24611534,0.72381680,0.00368485,0.01447230,0.10675623,0.99417306,0.25946461,0.02170653,-0.17121974,0.80623592,-0.10955919,-0.11557846,-0.41380169,-0.05243268,-0.16589156,0.55454041,-0.31766204,0.03339777,-0.30853665,0.08401157,0.09558910,-0.60996238,0.18871752,-0.04881447,0.78124830,-0.51870184,-0.43738049,-0.09438496,0.40081240,-0.15991559,0.05108066,1.25773195,0.15785575,-0.09501773,-0.12201679
0.47933103,0.24737123,0.73503956,0.01234245,0.02115280,0.09003631,0.99563733,0.10415381,0.00941316,-0.09485464,0.90464045,-0.21795985,-0.07134137,-0.33880717,-0.03652348,-0.12898572,0.50001676,-0.34309209,0.03160556,-0.22194537,0.07315920,0.06997594,-0.44256777,0.12500623,-0.07714409,0.83960836,-0.47515162,-0.41940887,-0.11362975,0.25338364,-0.14088428,0.09837934,1.24274035,0.17112663,-0.11529145,-0.15359198
0.52728592,0.24897100,0.74792807,0.03218195,0.01096742,0.06936648,0.99701170,0.02341675,-0.02410806,-0.01763179,0.88775675,-0.30961814,-0.01442050,-0.20674947,-0.04544319,-0.08470609,0.42628087,-0.36305324,0.04657069,-0.14103619,0.03333698,0.07438641,-0.24562522,0.09393310,-0.15140158,0.89034311,-0.45810426,-0.39901583,-0.06606601,0.09744856,-0.14214178,0.13333817,1.21777965,0.15916221,-0.15514980,-0.16296720
0.57227734,0.25116474,0.75499729,0.04260247,0.00591609,0.04564543,0.99803132,-0.07262388,-0.03854429,0.05043927,0.82159126,-0.36707596,0.01299608,-0.09682065,-0.04655610,-0.05214696,0.34572939,-0.36319904,0.05782691,-0.05927874,0.01123125,0.07603458,-0.05822038,0.07400248,-0.19473500,0.96204266,-0.40855690,-0.39519184,-0.04323700,-0.06667949,-0.15713579,0.15285505,1.17980731,0.14284907,-0.18149242,-0.18704669
0.61772564,0.25327780,0.75725593,0.04512402,0.00296243,0.01866208,0.99880267,-0.16042618,-0.03044983,0.11243128,0.71245917,-0.38375953,0.01327743,0.00507606,-0.03597372,-0.00770339,0.27120576,-0.36155835,0.08306105,0.02607923,0.00478426,0.07805386,0.12673021,0.08079139,-0.22584475,1.01787832,-0.33119194,-0.38798798,-0.05736174,-0.22109884,-0.18821948,0.14501415,1.12014250,0.13785970,-0.20024460,-0.22321674
0.66287335,0.25541356,0.75665821,0.04636885,-0.00500855,-0.01774898,0.99875413,-0.22240214,-0.01297332,0.17402649,0.56624743,-0.38214905,0.00318662,0.10235524,-0.02684769,0.07998069,0.22576553,-0.37389383,0.10126632,0.12488274,-0.00310934,0.09689202,0.30972982,0.10043256,-0.22428206,1.04483953,-0.28459442,-0.38512852,-0.08023823,-0.38156239,-0.22160572,0.14554976,1.07579255,0.15071433,-0.21287914,-0.24374989
0.70728295,0.25744838,0.75072577,0.03779695,-0.00951077,-0.04153822,0.99837644,-0.29126423,0.02430900,0.21029490,0.41632317,-0.36016035,-0.02369347,0.19547375,-0.00701521,0.14521901,0.18387657,-0.36918454,0.12193895,0.20170944,0.01108272,0.10641579,0.48988973,0.13113046,-0.20361189,1.05714853,-0.27398804,-0.37483183,-0.11485751,-0.53155660,-0.27050546,0.15006315,1.04025070,0.16786034,-0.22091403,-0.26372642
0.75328589,0.25922137,0.74145503,0.02604662,-0.01613964,-0.07070241,0.99702671,-0.34390925,0.07676045,0.24605761,0.26995018,-0.30866046,-0.05993463,0.28316475,0.00955277,0.20781916,0.16501369,-0.39054861,0.12202599,0.28470830,0.03329631,0.11960904,0.65648068,0.16329923,-0.15837153,1.06513899,-0.26946170,-0.36972836,-0.10530208,-0.67156614,-0.32589882,0.16387552,1.02076255,0.17687363,-0.22392895,-0.30597689
0.80052591,0.26147920,0.72978792,0.01641617,-0.01985202,-0.09326703,0.99530783,-0.40277202,0.13097307,0.29397666,0.16495731,-0.30058424,-0.08421814,0.36306332,0.01341171,0.25170352,0.15416936,-0.40628025,0.12533934,0.35535148,0.05159090,0.12887354,0.79818728,0.18791811,-0.07896779,1.08163021,-0.28278607,-0.36035391,-0.10032798,-0.79681177,-0.38817936,0.18471775,1.00447585,0.18375980,-0.23142801,-0.34447132
0.84743892,0.26320082,0.71896379,0.00956085,-0.01838696,-0.11756495,0.99284893,-0.46285719,0.17175000,0.29702532,0.08294645,-0.30068727,-0.11030891,0.41475736,0.01134761,0.30138347,0.17710655,-0.42730430,0.14261847,0.42123091,0.05971065,0.11267040,0.93776770,0.20985668,0.05568110,1.10261836,-0.27696522,-0.37240916,-0.15236145,-0.88407866,-0.43441381,0.19103178,0.98663130,0.20509706,-0.24258609,-0.34887543
0.89777291,0.26546836,0.70865323,0.01041890,-0.01465111,-0.14043102,0.98992723,-0.50722802,0.19693142,0.29234350,0.05415756,-0.30977188,-0.11743423,0.46130795,-0.01394747,0.35655263,0.20070721,-0.40755021,0.16617461,0.48526537,0.04569070,0.10575622,1.03085358,0.22364425,0.16796525,1.12130254,-0.28496426,-0.39167721,-0.09803801,-0.98320965,-0.48507243,0.17327314,1.01371507,0.09187351,-0.29767522,-0.46088320
0.94859606,0.26754434,0.70098754,0.02060236,-0.01225989,-0.15690532,0.98732262,-0.53067674,0.19796773,0.29050895,0.10650849,-0.31620388,-0.10544581,0.49768821,-0.05322542,0.40677051,0.24779143,-0.34323662,0.20953461,0.53319816,0.00602089,0.11086682,1.08412369,0.21992324,0.28332121,1.11863932,-0.30842650,-0.40646447,-0.00254322,-1.01195336,-0.48099126,0.15512467,0.98755324,0.17032599,-0.25006986,-0.39826534
1.00487834,0.26840176,0.69274605,0.02788855,0.00156421,-0.16319523,0.98619831,-0.56091443,0.22995317,0.40281260,0.22059154,-0.18458973,-0.10383686,0.51233736,-0.07526563,0.44221208,0.29309207,-0.23021478,0.22580678,0.56317811,-0.03861444,0.08191608,1.10907743,0.21790593,0.38462719,1.10949461,-0.36626590,-0.41134005,0.01740750,-0.99486011,-0.49452679,0.13916642,0.95608744,0.20864397,-0.24007967,-0.37624145
1.06034892,0.26771036,0.68897879,0.04352732,0.01953720,-0.16024874,0.98592292,-0.61626761,0.22013967,0.39636097,0.38702275,-0.09544985,-0.07918694,0.50528073,-0.09885331,0.44814035,0.33958377,-0.02906294,0.26140511,0.56183101,-0.10818744,0.05470367,1.09376431,0.22802391,0.44565907,1.11363668,-0.37623027,-0.41075592,0.02745644,-0.96787763,-0.47317250,0.10122063,0.94781127,0.19978760,-0.23270803,-0.34916795
1.10953328,0.26405500,0.69389189,0.06023955,0.02668896,-0.14605427,0.98708006,-0.65228019,0.16824960,0.35567511,0.54642190,-0.17656969,-0.01135560,0.47779914,-0.09917756,0.39404901,0.45243524,0.15634134,0.26180000,0.54815513,-0.17943454,0.07882827,1.01347859,0.24869405,0.43489389,1.09582773,-0.38428407,-0.40258804,0.03597891,-0.89721907,-0.44702967,0.06757410,0.89793183,0.20360065,-0.24027624,-0.34893539
1.15732245,0.26896696,0.70323010,0.05352791,0.02916695,-0.13332616,0.98919573,-0.62167960,0.13477657,0.32987851,0.60605854,-0.28491314,0.06003011,0.38981610,-0.10081943,0.29354396,0.62368169,0.31934644,0.26180000,0.51883453,-0.18784643,0.09106262,0.89285853,0.26306213,0.35557447,1.09166169,-0.36625200,-0.42633095,0.08275266,-0.82299553,-0.40993293,0.02069594,0.87292552,0.07406148,-0.29191058,-0.47277784
1.20228326,0.28118610,0.71553510,0.05232855,0.02099804,-0.11857486,0.99134293,-0.52814756,0.07055921,0.32453854,0.58002155,-0.35956833,0.11307286,0.27826311,-0.15138191,0.22447897,0.80605037,0.14781400,0.22357147,0.44825161,-0.17378074,0.10390855,0.76408207,0.22809807,0.25132439,1.08054134,-0.34879696,-0.43115509,0.12876165,-0.71096294,-0.32465893,0.05541953,0.82799334,0.13830705,-0.24277884,-0.40032901
1.24567616,0.28365844,0.72964924,0.03778715,0.01246275,-0.09803587,0.99438714,-0.41798280,0.04064357,0.28311810,0.51799545,-0.38399214,0.11824785,0.16365675,-0.13105702,0.14763869,0.93798649,-0.06792339,0.13317876,0.36756202,-0.14006201,0.10512074,0.60986623,0.19539046,0.15781603,1.06186875,-0.34218777,-0.43251499,0.14149099,-0.58468913,-0.25377307,0.08911190,0.83143159,0.19291684,-0.21626368,-0.29931946
1.28784935,0.28527551,0.74392406,0.02512726,0.00623477,-0.07903107,0.99653592,-0.30206180,0.01550844,0.23934229,0.43355501,-0.39880385,0.11431097,0.05267322,-0.07332009,0.12069426,0.99628397,-0.18963451,0.11101332,0.29620991,-0.11089788,0.10341628,0.42990827,0.16348062,0.07698725,1.04416261,-0.34230604,-0.45639499,0.17514177,-0.45583877,-0.19996904,0.12179196,0.86708989,0.19098405,-0.21305761,-0.26182551
1.32899031,0.28663079,0.75666730,0.00777297,-0.00137755,-0.05471801,0.99847064,-0.18634079,0.00771761,0.18001028,0.35281334,-0.41856357,0.10984478,-0.04353310,-0.03051023,0.05168301,0.98043571,-0.29991972,0.08668025,0.21237210,-0.06798819,0.10249237,0.25391655,0.13454229,-0.00249369,0.99955933,-0.36467743,-0.43223843,0.16802857,-0.31925171,-0.15887838,0.16510650,0.92385386,0.17259036,-0.20476918,-0.20998039
1.37085016,0.28855402,0.76451288,-0.00362325,-0.00769327,-0.03113403,0.99947904,-0.06895340,0.00058281,0.13232832,0.26173250,-0.43092830,0.09376915,-0.13126137,-0.04128694,-0.05021717,0.90593780,-0.34374917,0.07317260,0.12863421,-0.03430122,0.10646701,0.06486190,0.10143632,-0.03769748,0.95619910,-0.40325311,-0.44135420,0.14609496,-0.18987214,-0.13129915,0.19554928,1.00056803,0.13221278,-0.21755735,-0.16244553
1.41079822,0.29010061,0.76839279,-0.00933110,-0.01153678,-0.00465212,0.99987909,0.02885101,-0.01046652,0.07452909,0.18997703,-0.43885372,0.07745408,-0.21240522,-0.06806395,-0.15512094,0.78942440,-0.36315645,0.06876559,0.03948854,-0.01305333,0.10782534,-0.12001219,0.08660794,-0.06738775,0.91298242,-0.44352784,-0.44963229,0.11000706,-0.05205826,-0.11774930,0.22210431,1.07417193,0.09395546,-0.20588247,-0.14502521
1.45215995,0.29117422,0.76692714,-0.00719007,-0.01563589,0.02386290,0.99956710,0.12673552,-0.02813854,0.01659244,0.12574271,-0.45473428,0.06644256,-0.27467517,-0.10098197,-0.23794843,0.64144765,-0.34762208,0.09350582,-0.04939417,-0.00729995,0.11710736,-0.30102698,0.09406168,-0.10162503,0.86815891,-0.48541792,-0.44553917,0.04546964,0.07881566,-0.11660913,0.23249615,1.14349965,0.06999756,-0.16923024,-0.05760364
1.49375735,0.29216143,0.76072079,0.00212729,-0.01834933,0.05349022,0.99839750,0.21554181,-0.04989200,-0.04330987,0.07677736,-0.46750931,0.05142884,-0.33391709,-0.13743427,-0.28186777,0.48087161,-0.30023670,0.13596040,-0.13645555,-0.02289204,0.11223754,-0.47240721,0.12300849,-0.11933622,0.84596007,-0.51477318,-0.44547803,-0.00550162,0.21891326,-0.11915554,0.21012641,1.19516607,0.05530130,-0.15549001,0.00245961
1.53684829,0.29329500,0.75051644,0.01578456,-0.02362986,0.08370173,0.99608559,0.31037560,-0.06912268,-0.10780963,0.03816199,-0.49664130,0.04483693,-0.38284303,-0.18024058,-0.29450882,0.32743785,-0.24855190,0.17900879,-0.22774953,-0.04967445,0.11782377,-0.63786324,0.17100532,-0.15054661,0.84270651,-0.54813390,-0.45651290,-0.02479835,0.33601518,-0.12831374,0.16787014,1.23698002,0.03169844,-0.12952299,-0.00423480
1.58099436,0.29392454,0.73800520,0.02459433,-0.02529282,0.10883131,0.99343401,0.38559786,-0.06874561,-0.16090207,0.02577333,-0.53471230,0.02540865,-0.44105746,-0.21325039,-0.29012587,0.21229327,-0.24281796,0.20735105,-0.30508429,-0.06588078,0.11559294,-0.78083989,0.21109823,-0.18721350,0.84975724,-0.55157545,-0.47568623,0.00921786,0.45204046,-0.14254080,0.14494102,1.26124727,-0.01279491,-0.03632230,-0.08399010
1.62599738,0.29551726,0.72569038,0.03101238,-0.02792506,0.13408152,0.99009119,0.45733048,-0.05540971,-0.21186063,0.02579052,-0.56512111,0.00202931,-0.48789019,-0.24801562,-0.29227271,0.13206596,-0.23812506,0.25597884,-0.38072162,-0.07876483,0.11417697,-0.90265351,0.26990421,-0.21992347,0.86019207,-0.58463505,-0.50535505,0.01031237,0.54844289,-0.16035719,0.05042334,1.25584188,0.06387450,-0.05878914,-0.04387228
