Configuration,Run ID,Seed,Metric,Final window requested,N,Mean,Temporal SD,Minimum,Maximum,Median,First step in window,Last step in window,SD interpretation
Full,p5jxr34o,42,Train/mean_reward,100,100,7.461664166972878,0.7093380688245992,5.539278212562204,8.940796965360642,7.461305322125554,900.0,999.0,Temporal SD within one run; not cross-seed SD
Full,p5jxr34o,42,Train/mean_episode_length,100,100,220.03740000000002,18.486934650386928,168.79,256.66,220.305,900.0,999.0,Temporal SD within one run; not cross-seed SD
Full,p5jxr34o,42,Policy/mean_std,100,100,0.40265885680913927,0.0010212232316857736,0.40078607201576233,0.4042459726333618,0.4028209298849106,900.0,999.0,Temporal SD within one run; not cross-seed SD
Full,p5jxr34o,42,Episode_Metrics/root_position_error,100,0,,,,,,,,Temporal SD within one run; not cross-seed SD
Full,p5jxr34o,42,Episode_Metrics/root_orientation_error,100,0,,,,,,,,Temporal SD within one run; not cross-seed SD
Full,p5jxr34o,42,Episode_Metrics/body_position_error,100,0,,,,,,,,Temporal SD within one run; not cross-seed SD
Full,p5jxr34o,42,Episode_Metrics/body_orientation_error,100,0,,,,,,,,Temporal SD within one run; not cross-seed SD
Full,p5jxr34o,42,Episode_Metrics/body_linear_velocity_error,100,0,,,,,,,,Temporal SD within one run; not cross-seed SD
Full,p5jxr34o,42,Episode_Metrics/body_angular_velocity_error,100,0,,,,,,,,Temporal SD within one run; not cross-seed SD
Full,p5jxr34o,42,Episode_Metrics/action_rate_l2_raw,100,0,,,,,,,,Temporal SD within one run; not cross-seed SD
Full,p5jxr34o,42,Episode_Metrics/joint_limit_raw,100,0,,,,,,,,Temporal SD within one run; not cross-seed SD
Full,p5jxr34o,42,Episode_Metrics/self_collision_raw,100,0,,,,,,,,Temporal SD within one run; not cross-seed SD
Full,p5jxr34o,42,Episode_Termination/time_out,100,100,3.1329167437553407,0.34500276387253337,2.1666667461395264,3.9166667461395264,3.1666667461395264,900.0,999.0,Temporal SD within one run; not cross-seed SD
Full,p5jxr34o,42,Episode_Termination/anchor_pos,100,100,1.9133333885669708,0.3466753484010904,1.0833333730697632,2.8333334922790527,1.8958333730697632,900.0,999.0,Temporal SD within one run; not cross-seed SD
Full,p5jxr34o,42,Episode_Termination/anchor_ori,100,100,0.0,0.0,0.0,0.0,0.0,900.0,999.0,Temporal SD within one run; not cross-seed SD
Full,p5jxr34o,42,Episode_Termination/ee_body_pos,100,100,14.145833654403686,0.8135164477780658,12.125,16.25,14.187500476837158,900.0,999.0,Temporal SD within one run; not cross-seed SD
No global root,09yrh4qp,42,Train/mean_reward,100,100,4.877732753919717,0.4626811510033469,3.8488691699504853,6.5432570160925385,4.9217151101958,900.0,999.0,Temporal SD within one run; not cross-seed SD
No global root,09yrh4qp,42,Train/mean_episode_length,100,100,182.31890000000004,15.284312211803277,149.67,236.11,183.70499999999998,900.0,999.0,Temporal SD within one run; not cross-seed SD
No global root,09yrh4qp,42,Policy/mean_std,100,100,0.3662834650278091,0.0017034812671629957,0.361665278673172,0.3679816424846649,0.36715544760227203,900.0,999.0,Temporal SD within one run; not cross-seed SD
No global root,09yrh4qp,42,Episode_Metrics/root_position_error,100,100,0.3296462309360504,0.01407948578022532,0.29991012811660767,0.35538190603256226,0.3302975594997406,900.0,999.0,Temporal SD within one run; not cross-seed SD
No global root,09yrh4qp,42,Episode_Metrics/root_orientation_error,100,100,0.3260767287015915,0.006636911084672398,0.30818235874176025,0.3411397337913513,0.32621802389621735,900.0,999.0,Temporal SD within one run; not cross-seed SD
No global root,09yrh4qp,42,Episode_Metrics/body_position_error,100,100,0.08682688973844051,0.000978543120096038,0.08415722101926804,0.08924448490142822,0.08685348555445671,900.0,999.0,Temporal SD within one run; not cross-seed SD
No global root,09yrh4qp,42,Episode_Metrics/body_orientation_error,100,100,0.38755268454551695,0.004644194625861561,0.3756398558616638,0.3989505171775818,0.3879544883966446,900.0,999.0,Temporal SD within one run; not cross-seed SD
No global root,09yrh4qp,42,Episode_Metrics/body_linear_velocity_error,100,100,0.7967119026184082,0.012829592624017094,0.7660767436027527,0.8296592235565186,0.796599805355072,900.0,999.0,Temporal SD within one run; not cross-seed SD
No global root,09yrh4qp,42,Episode_Metrics/body_angular_velocity_error,100,100,3.3747598791122435,0.02601555133341078,3.3254470825195312,3.4336135387420654,3.3733718395233154,900.0,999.0,Temporal SD within one run; not cross-seed SD
No global root,09yrh4qp,42,Episode_Metrics/action_rate_l2_raw,100,100,8.337305002212524,0.08141463450216928,8.131014823913574,8.502731323242188,8.355289459228516,900.0,999.0,Temporal SD within one run; not cross-seed SD
No global root,09yrh4qp,42,Episode_Metrics/joint_limit_raw,100,100,0.005045407121069729,0.0004739059929249428,0.0041670529171824455,0.0065985554829239845,0.004994142334908247,900.0,999.0,Temporal SD within one run; not cross-seed SD
No global root,09yrh4qp,42,Episode_Metrics/self_collision_raw,100,100,0.0025883329403586686,0.001420849957506227,0.0008124887244775891,0.01209304016083479,0.0023109017638489604,900.0,999.0,Temporal SD within one run; not cross-seed SD
No global root,09yrh4qp,42,Episode_Termination/time_out,100,100,2.0075000560283662,0.3211352006483659,1.2916667461395264,2.8333334922790527,2.0,900.0,999.0,Temporal SD within one run; not cross-seed SD
No global root,09yrh4qp,42,Episode_Termination/anchor_pos,100,100,2.150833405256271,0.34753926782300626,1.3333333730697632,3.0833334922790527,2.1666667461395264,900.0,999.0,Temporal SD within one run; not cross-seed SD
No global root,09yrh4qp,42,Episode_Termination/anchor_ori,100,100,0.000416666679084301,0.00416666679084301,0.0,0.0416666679084301,0.0,900.0,999.0,Temporal SD within one run; not cross-seed SD
No global root,09yrh4qp,42,Episode_Termination/ee_body_pos,100,100,18.652500495910644,1.3467107734617105,15.958333969116211,21.666667938232422,18.541666984558105,900.0,999.0,Temporal SD within one run; not cross-seed SD
No body pose,y84gf3sj,42,Train/mean_reward,100,100,2.7883922986344434,0.33146747716416447,2.0619843538478015,3.805512142684311,2.7584132449887693,900.0,999.0,Temporal SD within one run; not cross-seed SD
No body pose,y84gf3sj,42,Train/mean_episode_length,100,100,137.3078,13.842694355879678,106.64,182.53,136.125,900.0,999.0,Temporal SD within one run; not cross-seed SD
No body pose,y84gf3sj,42,Policy/mean_std,100,100,0.3374056312441826,0.0022583532707993663,0.33320969343185425,0.3410615622997284,0.3372804969549179,900.0,999.0,Temporal SD within one run; not cross-seed SD
No body pose,y84gf3sj,42,Episode_Metrics/root_position_error,100,100,0.23508036360144616,0.004616712444816647,0.2219328135251999,0.24738848209381104,0.2348761036992073,900.0,999.0,Temporal SD within one run; not cross-seed SD
No body pose,y84gf3sj,42,Episode_Metrics/root_orientation_error,100,100,0.1437741957604885,0.0017116672034680565,0.13973037898540497,0.1478780061006546,0.1438453197479248,900.0,999.0,Temporal SD within one run; not cross-seed SD
No body pose,y84gf3sj,42,Episode_Metrics/body_position_error,100,100,0.09935832396149635,0.0007646994770245702,0.09770335257053375,0.10106806457042694,0.09927554428577423,900.0,999.0,Temporal SD within one run; not cross-seed SD
No body pose,y84gf3sj,42,Episode_Metrics/body_orientation_error,100,100,0.6253387868404389,0.00533986697196994,0.6135631799697876,0.639266848564148,0.6250739991664886,900.0,999.0,Temporal SD within one run; not cross-seed SD
No body pose,y84gf3sj,42,Episode_Metrics/body_linear_velocity_error,100,100,0.7706314843893051,0.010178331010448394,0.7470823526382446,0.7954105138778687,0.769502729177475,900.0,999.0,Temporal SD within one run; not cross-seed SD
No body pose,y84gf3sj,42,Episode_Metrics/body_angular_velocity_error,100,100,3.4748118996620176,0.02813876079031827,3.3846964836120605,3.547374725341797,3.4725735187530518,900.0,999.0,Temporal SD within one run; not cross-seed SD
No body pose,y84gf3sj,42,Episode_Metrics/action_rate_l2_raw,100,100,6.678506784439087,0.10121778380320935,6.468897819519043,6.8533782958984375,6.67410135269165,900.0,999.0,Temporal SD within one run; not cross-seed SD
No body pose,y84gf3sj,42,Episode_Metrics/joint_limit_raw,100,100,0.0036858874466270206,0.00033628782368979785,0.0027422623243182898,0.004454902373254299,0.0037048966623842716,900.0,999.0,Temporal SD within one run; not cross-seed SD
No body pose,y84gf3sj,42,Episode_Metrics/self_collision_raw,100,100,0.0017363464209483937,0.0007344561395193099,0.0005571131478063762,0.005705936811864376,0.0015890883514657617,900.0,999.0,Temporal SD within one run; not cross-seed SD
No body pose,y84gf3sj,42,Episode_Termination/time_out,100,100,0.8754166904091835,0.2085012006472239,0.375,1.375,0.875,900.0,999.0,Temporal SD within one run; not cross-seed SD
No body pose,y84gf3sj,42,Episode_Termination/anchor_pos,100,100,6.630000166893005,1.0190779984112364,4.1666669845581055,8.958333969116211,6.750000238418579,900.0,999.0,Temporal SD within one run; not cross-seed SD
No body pose,y84gf3sj,42,Episode_Termination/anchor_ori,100,100,0.0,0.0,0.0,0.0,0.0,900.0,999.0,Temporal SD within one run; not cross-seed SD
No body pose,y84gf3sj,42,Episode_Termination/ee_body_pos,100,100,24.011250648498535,0.9838206964464167,22.125,26.95833396911621,24.000000953674316,900.0,999.0,Temporal SD within one run; not cross-seed SD
No velocity,6rlspqk0,42,Train/mean_reward,100,100,4.120950720971031,0.4071167504533397,3.137699622027576,5.196081764400005,4.096193106621504,900.0,999.0,Temporal SD within one run; not cross-seed SD
No velocity,6rlspqk0,42,Train/mean_episode_length,100,100,199.5093,17.903396735160776,157.67,246.13,200.15499999999997,900.0,999.0,Temporal SD within one run; not cross-seed SD
No velocity,6rlspqk0,42,Policy/mean_std,100,100,0.36909303545951844,0.00040977463474290305,0.36822211742401123,0.369824081659317,0.3691597431898117,900.0,999.0,Temporal SD within one run; not cross-seed SD
No velocity,6rlspqk0,42,Episode_Metrics/root_position_error,100,100,0.34494960963726046,0.009118114273558513,0.32212579250335693,0.36515316367149353,0.34404806792736053,900.0,999.0,Temporal SD within one run; not cross-seed SD
No velocity,6rlspqk0,42,Episode_Metrics/root_orientation_error,100,100,0.16800277233123778,0.0021346005622240793,0.1639154553413391,0.17317770421504974,0.16758394986391068,900.0,999.0,Temporal SD within one run; not cross-seed SD
No velocity,6rlspqk0,42,Episode_Metrics/body_position_error,100,100,0.09171631693840027,0.001165669033819939,0.08901709318161011,0.0939059779047966,0.09178872406482697,900.0,999.0,Temporal SD within one run; not cross-seed SD
No velocity,6rlspqk0,42,Episode_Metrics/body_orientation_error,100,100,0.4628802162408829,0.0066311196920195645,0.44892269372940063,0.48222407698631287,0.4629068076610565,900.0,999.0,Temporal SD within one run; not cross-seed SD
No velocity,6rlspqk0,42,Episode_Metrics/body_linear_velocity_error,100,100,0.8572637408971786,0.013040685780645425,0.8290616273880005,0.8897589445114136,0.8577062487602234,900.0,999.0,Temporal SD within one run; not cross-seed SD
No velocity,6rlspqk0,42,Episode_Metrics/body_angular_velocity_error,100,100,4.221015019416809,0.035650219784738264,4.136358261108398,4.326665878295898,4.221620798110962,900.0,999.0,Temporal SD within one run; not cross-seed SD
No velocity,6rlspqk0,42,Episode_Metrics/action_rate_l2_raw,100,100,7.99992124080658,0.035812466733967915,7.908559799194336,8.09225845336914,7.999898672103882,900.0,999.0,Temporal SD within one run; not cross-seed SD
No velocity,6rlspqk0,42,Episode_Metrics/joint_limit_raw,100,100,0.004259276408702135,0.0002898108667614109,0.0035537593066692352,0.005060373339802027,0.004268005257472396,900.0,999.0,Temporal SD within one run; not cross-seed SD
No velocity,6rlspqk0,42,Episode_Metrics/self_collision_raw,100,100,0.0029772870417218654,0.0015716676474731234,0.001223709317855537,0.010898852720856667,0.002509985351935029,900.0,999.0,Temporal SD within one run; not cross-seed SD
No velocity,6rlspqk0,42,Episode_Termination/time_out,100,100,2.4750000715255736,0.3648312737059487,1.625,3.2083334922790527,2.5,900.0,999.0,Temporal SD within one run; not cross-seed SD
No velocity,6rlspqk0,42,Episode_Termination/anchor_pos,100,100,2.9750000834465027,0.3657434096208767,2.25,3.875,2.9375001192092896,900.0,999.0,Temporal SD within one run; not cross-seed SD
No velocity,6rlspqk0,42,Episode_Termination/anchor_ori,100,100,0.0,0.0,0.0,0.0,0.0,900.0,999.0,Temporal SD within one run; not cross-seed SD
No velocity,6rlspqk0,42,Episode_Termination/ee_body_pos,100,100,16.38583384513855,0.9350885702239118,14.75,18.95833396911621,16.375,900.0,999.0,Temporal SD within one run; not cross-seed SD
No action rate,p6vbd18i,42,Train/mean_reward,100,100,20.108435092106646,0.5030203679862135,19.001369619295,21.235641963481903,20.07816139537841,900.0,999.0,Temporal SD within one run; not cross-seed SD
No action rate,p6vbd18i,42,Train/mean_episode_length,100,100,465.34460000000007,10.499646787709894,438.64,488.12,465.78,900.0,999.0,Temporal SD within one run; not cross-seed SD
No action rate,p6vbd18i,42,Policy/mean_std,100,100,1.5380267524719238,0.009375856193307615,1.521876573562622,1.5542385578155518,1.5380412340164185,900.0,999.0,Temporal SD within one run; not cross-seed SD
No action rate,p6vbd18i,42,Episode_Metrics/root_position_error,100,100,0.2914727863669395,0.011396473151108049,0.26196783781051636,0.31284016370773315,0.29227815568447113,900.0,999.0,Temporal SD within one run; not cross-seed SD
No action rate,p6vbd18i,42,Episode_Metrics/root_orientation_error,100,100,0.12806911811232566,0.002500274649111094,0.12220549583435059,0.13411125540733337,0.12781982123851776,900.0,999.0,Temporal SD within one run; not cross-seed SD
No action rate,p6vbd18i,42,Episode_Metrics/body_position_error,100,100,0.08344658382236958,0.0008324962449207242,0.08153697848320007,0.08537968248128891,0.08341730013489723,900.0,999.0,Temporal SD within one run; not cross-seed SD
No action rate,p6vbd18i,42,Episode_Metrics/body_orientation_error,100,100,0.540357518196106,0.007269763826854107,0.5217819213867188,0.5623456239700317,0.5404485464096069,900.0,999.0,Temporal SD within one run; not cross-seed SD
No action rate,p6vbd18i,42,Episode_Metrics/body_linear_velocity_error,100,100,0.8489778810739517,0.009095489209970916,0.82623291015625,0.8734731078147888,0.8481920957565308,900.0,999.0,Temporal SD within one run; not cross-seed SD
No action rate,p6vbd18i,42,Episode_Metrics/body_angular_velocity_error,100,100,9.389617757797241,0.043430174691314355,9.273929595947266,9.55213451385498,9.38344669342041,900.0,999.0,Temporal SD within one run; not cross-seed SD
No action rate,p6vbd18i,42,Episode_Metrics/action_rate_l2_raw,100,100,335.27831878662107,4.619078519669055,327.1985778808594,343.837890625,335.00025939941406,900.0,999.0,Temporal SD within one run; not cross-seed SD
No action rate,p6vbd18i,42,Episode_Metrics/joint_limit_raw,100,100,0.00518954151077196,0.0006466678191927666,0.003832352114841342,0.007085843943059444,0.005092576378956437,900.0,999.0,Temporal SD within one run; not cross-seed SD
No action rate,p6vbd18i,42,Episode_Metrics/self_collision_raw,100,100,0.0019054695952218025,0.002505724767693478,0.0006294904742389917,0.0254114530980587,0.0014778942568227649,900.0,999.0,Temporal SD within one run; not cross-seed SD
No action rate,p6vbd18i,42,Episode_Termination/time_out,100,100,7.661666846275329,0.5660709812028574,6.583333492279053,9.708333969116211,7.625,900.0,999.0,Temporal SD within one run; not cross-seed SD
No action rate,p6vbd18i,42,Episode_Termination/anchor_pos,100,100,0.239583340883255,0.10699035239783806,0.0416666679084301,0.5833333730697632,0.2083333432674408,900.0,999.0,Temporal SD within one run; not cross-seed SD
No action rate,p6vbd18i,42,Episode_Termination/anchor_ori,100,100,0.0,0.0,0.0,0.0,0.0,900.0,999.0,Temporal SD within one run; not cross-seed SD
No action rate,p6vbd18i,42,Episode_Termination/ee_body_pos,100,100,0.8883333626389504,0.2092052520979806,0.4166666865348816,1.5833333730697632,0.875,900.0,999.0,Temporal SD within one run; not cross-seed SD
No joint limit,6gq87ju7,42,Train/mean_reward,100,100,7.2159966967020175,0.6849545753783496,5.874509932771325,9.11207206338644,7.104223933331669,900.0,999.0,Temporal SD within one run; not cross-seed SD
No joint limit,6gq87ju7,42,Train/mean_episode_length,100,100,204.93589999999998,17.326171311433214,170.5,252.21,201.83499999999998,900.0,999.0,Temporal SD within one run; not cross-seed SD
No joint limit,6gq87ju7,42,Policy/mean_std,100,100,0.42332764238119125,0.0008508650979840812,0.4219017028808594,0.42460304498672485,0.42358551919460297,900.0,999.0,Temporal SD within one run; not cross-seed SD
No joint limit,6gq87ju7,42,Episode_Metrics/root_position_error,100,100,0.3257980334758759,0.008399225902499034,0.30641308426856995,0.3409769535064697,0.32560719549655914,900.0,999.0,Temporal SD within one run; not cross-seed SD
No joint limit,6gq87ju7,42,Episode_Metrics/root_orientation_error,100,100,0.1785693347454071,0.0029349374797911967,0.1713988035917282,0.18567173182964325,0.17843732237815857,900.0,999.0,Temporal SD within one run; not cross-seed SD
No joint limit,6gq87ju7,42,Episode_Metrics/body_position_error,100,100,0.08416937008500099,0.0010694398829005894,0.0817406177520752,0.08624633401632309,0.08419167622923851,900.0,999.0,Temporal SD within one run; not cross-seed SD
No joint limit,6gq87ju7,42,Episode_Metrics/body_orientation_error,100,100,0.4015554696321487,0.004235682934440237,0.39179831743240356,0.41158318519592285,0.4014796018600464,900.0,999.0,Temporal SD within one run; not cross-seed SD
No joint limit,6gq87ju7,42,Episode_Metrics/body_linear_velocity_error,100,100,0.7835284036397934,0.011327114543937505,0.7579576373100281,0.808714747428894,0.7829651236534119,900.0,999.0,Temporal SD within one run; not cross-seed SD
No joint limit,6gq87ju7,42,Episode_Metrics/body_angular_velocity_error,100,100,3.602199378013611,0.02682805075393191,3.539227247238159,3.6741960048675537,3.60254967212677,900.0,999.0,Temporal SD within one run; not cross-seed SD
No joint limit,6gq87ju7,42,Episode_Metrics/action_rate_l2_raw,100,100,10.728398885726929,0.0462034801136924,10.632416725158691,10.799934387207031,10.729632377624512,900.0,999.0,Temporal SD within one run; not cross-seed SD
No joint limit,6gq87ju7,42,Episode_Metrics/joint_limit_raw,100,100,0.2341832421720028,0.00417763679928645,0.22355377674102783,0.2436462640762329,0.2349938228726387,900.0,999.0,Temporal SD within one run; not cross-seed SD
No joint limit,6gq87ju7,42,Episode_Metrics/self_collision_raw,100,100,0.0028815605526324364,0.000960514408716139,0.0010093171149492264,0.0069372630678117275,0.0027284533716738224,900.0,999.0,Temporal SD within one run; not cross-seed SD
No joint limit,6gq87ju7,42,Episode_Termination/time_out,100,100,2.652916758060455,0.3328624064301425,1.7916667461395264,3.4166667461395264,2.645833373069763,900.0,999.0,Temporal SD within one run; not cross-seed SD
No joint limit,6gq87ju7,42,Episode_Termination/anchor_pos,100,100,3.8208334684371947,0.471795007557375,2.7083334922790527,5.208333492279053,3.7916667461395264,900.0,999.0,Temporal SD within one run; not cross-seed SD
No joint limit,6gq87ju7,42,Episode_Termination/anchor_ori,100,100,0.000833333358168602,0.005862720763734759,0.0,0.0416666679084301,0.0,900.0,999.0,Temporal SD within one run; not cross-seed SD
No joint limit,6gq87ju7,42,Episode_Termination/ee_body_pos,100,100,14.831250371932983,0.8288680371698878,12.708333969116211,16.95833396911621,14.875,900.0,999.0,Temporal SD within one run; not cross-seed SD
No self collision,q2l4sxxn,42,Train/mean_reward,100,100,9.840468870503361,0.9096635409399706,7.2945563142746686,12.652298061698675,9.795123410858213,900.0,999.0,Temporal SD within one run; not cross-seed SD
No self collision,q2l4sxxn,42,Train/mean_episode_length,100,100,266.61799999999994,21.795094712695178,209.77,333.28,264.77,900.0,999.0,Temporal SD within one run; not cross-seed SD
No self collision,q2l4sxxn,42,Policy/mean_std,100,100,0.3963077077269554,0.001707755748464258,0.39304816722869873,0.3990473747253418,0.39646241068840027,900.0,999.0,Temporal SD within one run; not cross-seed SD
No self collision,q2l4sxxn,42,Episode_Metrics/root_position_error,100,100,0.35102166622877123,0.009244887536078618,0.3274978995323181,0.3734416365623474,0.35036224126815796,900.0,999.0,Temporal SD within one run; not cross-seed SD
No self collision,q2l4sxxn,42,Episode_Metrics/root_orientation_error,100,100,0.16342948943376542,0.002604319467893093,0.1574007272720337,0.172227144241333,0.1633855551481247,900.0,999.0,Temporal SD within one run; not cross-seed SD
No self collision,q2l4sxxn,42,Episode_Metrics/body_position_error,100,100,0.07872796133160591,0.0012205451694669164,0.07586770504713058,0.08130931854248047,0.0786990225315094,900.0,999.0,Temporal SD within one run; not cross-seed SD
No self collision,q2l4sxxn,42,Episode_Metrics/body_orientation_error,100,100,0.3701029402017593,0.006086582491607594,0.35756105184555054,0.38323259353637695,0.37092798948287964,900.0,999.0,Temporal SD within one run; not cross-seed SD
No self collision,q2l4sxxn,42,Episode_Metrics/body_linear_velocity_error,100,100,0.7369721776247025,0.013012758434373327,0.7116446495056152,0.77220219373703,0.7364995777606964,900.0,999.0,Temporal SD within one run; not cross-seed SD
No self collision,q2l4sxxn,42,Episode_Metrics/body_angular_velocity_error,100,100,3.4502190828323362,0.03390018322141073,3.360708236694336,3.535740375518799,3.4522989988327026,900.0,999.0,Temporal SD within one run; not cross-seed SD
No self collision,q2l4sxxn,42,Episode_Metrics/action_rate_l2_raw,100,100,9.866602716445923,0.05612359953250623,9.730398178100586,9.99517822265625,9.864551544189453,900.0,999.0,Temporal SD within one run; not cross-seed SD
No self collision,q2l4sxxn,42,Episode_Metrics/joint_limit_raw,100,100,0.006979320296086371,0.0005057223833947975,0.005542080849409103,0.008108830079436302,0.00697935139760375,900.0,999.0,Temporal SD within one run; not cross-seed SD
No self collision,q2l4sxxn,42,Episode_Metrics/self_collision_raw,100,100,0.11317683421075345,0.011915714409798215,0.08573403209447861,0.14440667629241943,0.11321201920509338,900.0,999.0,Temporal SD within one run; not cross-seed SD
No self collision,q2l4sxxn,42,Episode_Termination/time_out,100,100,4.10500013589859,0.45921178217114933,3.0833334922790527,5.25,4.083333492279053,900.0,999.0,Temporal SD within one run; not cross-seed SD
No self collision,q2l4sxxn,42,Episode_Termination/anchor_pos,100,100,2.0058333909511568,0.4088929835438487,0.9583333730697632,3.125,2.0,900.0,999.0,Temporal SD within one run; not cross-seed SD
No self collision,q2l4sxxn,42,Episode_Termination/anchor_ori,100,100,0.000833333358168602,0.005862720763734757,0.0,0.0416666679084301,0.0,900.0,999.0,Temporal SD within one run; not cross-seed SD
No self collision,q2l4sxxn,42,Episode_Termination/ee_body_pos,100,100,9.952917022705078,0.899082515276576,8.0,12.0,9.833333969116211,900.0,999.0,Temporal SD within one run; not cross-seed SD
