N,Mean,Temporal SD,Minimum,Maximum,Median,Configuration,Run ID,Metric display name,Metric,Source,Statistical interpretation
100,0.5590718704462051,0.01742038173517994,0.5215258598327637,0.6020878553390503,0.5570360720157623,Full,p5jxr34o,Anchor position error,Metrics/motion/error_anchor_pos,W&B run.scan_history,Last 100 non-null records; temporal SD within one run
100,0.3285232737660408,0.01183029933298957,0.29853254556655884,0.3600735664367676,0.3274507522583008,Full,p5jxr34o,Anchor rotation error,Metrics/motion/error_anchor_rot,W&B run.scan_history,Last 100 non-null records; temporal SD within one run
100,0.18576940923929214,0.006014395789259657,0.1702890396118164,0.20063337683677673,0.1859707534313202,Full,p5jxr34o,Body position error,Metrics/motion/error_body_pos,W&B run.scan_history,Last 100 non-null records; temporal SD within one run
100,0.674719157218933,0.019227834102865934,0.6294527053833008,0.722711443901062,0.6759329438209534,Full,p5jxr34o,Body rotation error,Metrics/motion/error_body_rot,W&B run.scan_history,Last 100 non-null records; temporal SD within one run
100,1.529011617898941,0.039668779893338384,1.4355897903442383,1.6123169660568237,1.5291954278945923,Full,p5jxr34o,Body linear velocity error,Metrics/motion/error_body_lin_vel,W&B run.scan_history,Last 100 non-null records; temporal SD within one run
100,4.762569537162781,0.08551070337567256,4.5641326904296875,4.944347858428955,4.766984462738037,Full,p5jxr34o,Body angular velocity error,Metrics/motion/error_body_ang_vel,W&B run.scan_history,Last 100 non-null records; temporal SD within one run
100,-0.42750167459249494,0.016937655881679028,-0.4720110595226288,-0.387170672416687,-0.4289519041776657,Full,p5jxr34o,Action-rate penalty contribution,Episode_Reward/action_rate_l2,W&B run.scan_history,Last 100 non-null records; temporal SD within one run
100,-0.023256125282496213,0.0016404120264445965,-0.02749057672917843,-0.01855604723095894,-0.023257257416844368,Full,p5jxr34o,Joint-limit penalty contribution,Episode_Reward/joint_limit,W&B run.scan_history,Last 100 non-null records; temporal SD within one run
100,-0.009477166538126768,0.002080751369476934,-0.015771901234984398,-0.005637443624436855,-0.009462492074817419,Full,p5jxr34o,Self-collision penalty contribution,Episode_Reward/self_collisions,W&B run.scan_history,Last 100 non-null records; temporal SD within one run
100,0.5924983632564544,0.01703656284123973,0.5483396053314209,0.6392391324043274,0.5922395288944244,No global root,09yrh4qp,Anchor position error,Metrics/motion/error_anchor_pos,W&B run.scan_history,Last 100 non-null records; temporal SD within one run
100,0.6265303963422775,0.019819004046482284,0.5783087611198425,0.666332483291626,0.625806450843811,No global root,09yrh4qp,Anchor rotation error,Metrics/motion/error_anchor_rot,W&B run.scan_history,Last 100 non-null records; temporal SD within one run
100,0.1940085230767727,0.0030742351240575626,0.1845974177122116,0.19970065355300903,0.1939665973186493,No global root,09yrh4qp,Body position error,Metrics/motion/error_body_pos,W&B run.scan_history,Last 100 non-null records; temporal SD within one run
100,0.6838390988111496,0.011064928556931274,0.6494827270507812,0.7117130160331726,0.683728039264679,No global root,09yrh4qp,Body rotation error,Metrics/motion/error_body_rot,W&B run.scan_history,Last 100 non-null records; temporal SD within one run
100,1.613242565393448,0.029211806807580232,1.5356428623199463,1.6680020093917847,1.6190200448036194,No global root,09yrh4qp,Body linear velocity error,Metrics/motion/error_body_lin_vel,W&B run.scan_history,Last 100 non-null records; temporal SD within one run
100,4.669279732704163,0.06815256726815085,4.501917839050293,4.825760364532471,4.6687963008880615,No global root,09yrh4qp,Body angular velocity error,Metrics/motion/error_body_ang_vel,W&B run.scan_history,Last 100 non-null records; temporal SD within one run
100,-0.29472744077444074,0.017418100611902895,-0.32633084058761597,-0.24801379442214966,-0.2963024079799652,No global root,09yrh4qp,Action-rate penalty contribution,Episode_Reward/action_rate_l2,W&B run.scan_history,Last 100 non-null records; temporal SD within one run
100,-0.012479608673602342,0.0012296796664822394,-0.015004186891019344,-0.00987735204398632,-0.012564108707010746,No global root,09yrh4qp,Joint-limit penalty contribution,Episode_Reward/joint_limit,W&B run.scan_history,Last 100 non-null records; temporal SD within one run
100,-0.00632270922884345,0.0016329924658774568,-0.013722797855734825,-0.0029242574237287045,-0.0062705837190151215,No global root,09yrh4qp,Self-collision penalty contribution,Episode_Reward/self_collisions,W&B run.scan_history,Last 100 non-null records; temporal SD within one run
100,0.5548494380712509,0.020097069424087757,0.5236055850982666,0.5982822179794312,0.5536147952079773,No body pose,y84gf3sj,Anchor position error,Metrics/motion/error_anchor_pos,W&B run.scan_history,Last 100 non-null records; temporal SD within one run
100,0.2405868598818779,0.0043702884157002025,0.22814898192882538,0.2513531446456909,0.24079535156488419,No body pose,y84gf3sj,Anchor rotation error,Metrics/motion/error_anchor_rot,W&B run.scan_history,Last 100 non-null records; temporal SD within one run
100,0.21950396835803987,0.004992030040872968,0.20967184007167816,0.22998160123825073,0.21969377249479294,No body pose,y84gf3sj,Body position error,Metrics/motion/error_body_pos,W&B run.scan_history,Last 100 non-null records; temporal SD within one run
100,0.9348540794849396,0.010083002125958217,0.9128851294517517,0.9589276313781738,0.9345196187496185,No body pose,y84gf3sj,Body rotation error,Metrics/motion/error_body_rot,W&B run.scan_history,Last 100 non-null records; temporal SD within one run
100,1.6479991710186004,0.027822552174537423,1.5928597450256348,1.7086375951766968,1.6478174924850464,No body pose,y84gf3sj,Body linear velocity error,Metrics/motion/error_body_lin_vel,W&B run.scan_history,Last 100 non-null records; temporal SD within one run
100,4.31021436214447,0.05709266515083084,4.177266597747803,4.426948547363281,4.309313535690308,No body pose,y84gf3sj,Body angular velocity error,Metrics/motion/error_body_ang_vel,W&B run.scan_history,Last 100 non-null records; temporal SD within one run
100,-0.17662927702069284,0.008703183291381925,-0.19360420107841492,-0.15265093743801117,-0.1769946813583374,No body pose,y84gf3sj,Action-rate penalty contribution,Episode_Reward/action_rate_l2,W&B run.scan_history,Last 100 non-null records; temporal SD within one run
100,-0.005850022044032812,0.00048112143808093675,-0.0069029382430016994,-0.0047148726880550385,-0.005899481009691954,No body pose,y84gf3sj,Joint-limit penalty contribution,Episode_Reward/joint_limit,W&B run.scan_history,Last 100 non-null records; temporal SD within one run
100,-0.003233045198721811,0.001074483564070911,-0.008069895207881927,-0.0016726069152355194,-0.003034390741959214,No body pose,y84gf3sj,Self-collision penalty contribution,Episode_Reward/self_collisions,W&B run.scan_history,Last 100 non-null records; temporal SD within one run
100,0.60772116959095,0.02237568507081832,0.5470053553581238,0.666266143321991,0.6106936037540436,No velocity,6rlspqk0,Anchor position error,Metrics/motion/error_anchor_pos,W&B run.scan_history,Last 100 non-null records; temporal SD within one run
100,0.3153024959564209,0.007580094513402973,0.2928718030452728,0.3350057601928711,0.31584158539772034,No velocity,6rlspqk0,Anchor rotation error,Metrics/motion/error_anchor_rot,W&B run.scan_history,Last 100 non-null records; temporal SD within one run
100,0.2079964816570282,0.003823319489333178,0.19786159694194794,0.21788136661052704,0.20809432119131088,No velocity,6rlspqk0,Body position error,Metrics/motion/error_body_pos,W&B run.scan_history,Last 100 non-null records; temporal SD within one run
100,0.7913564163446426,0.01780313216612319,0.7428803443908691,0.8271393775939941,0.792187362909317,No velocity,6rlspqk0,Body rotation error,Metrics/motion/error_body_rot,W&B run.scan_history,Last 100 non-null records; temporal SD within one run
100,1.6827877759933472,0.03264722069388819,1.60300612449646,1.748741865158081,1.685360848903656,No velocity,6rlspqk0,Body linear velocity error,Metrics/motion/error_body_lin_vel,W&B run.scan_history,Last 100 non-null records; temporal SD within one run
100,5.5106996107101445,0.08509129449771455,5.277609825134277,5.682717800140381,5.522014379501343,No velocity,6rlspqk0,Body angular velocity error,Metrics/motion/error_body_ang_vel,W&B run.scan_history,Last 100 non-null records; temporal SD within one run
100,-0.3084816747903824,0.01253720490097184,-0.33679553866386414,-0.2717069685459137,-0.3094929903745651,No velocity,6rlspqk0,Action-rate penalty contribution,Episode_Reward/action_rate_l2,W&B run.scan_history,Last 100 non-null records; temporal SD within one run
100,-0.010918279718607664,0.0005672064454775099,-0.012428322806954384,-0.009657977148890495,-0.010968366172164679,No velocity,6rlspqk0,Joint-limit penalty contribution,Episode_Reward/joint_limit,W&B run.scan_history,Last 100 non-null records; temporal SD within one run
100,-0.007486357926391065,0.0018459997466871662,-0.013369785621762276,-0.004055088385939598,-0.007072344422340393,No velocity,6rlspqk0,Self-collision penalty contribution,Episode_Reward/self_collisions,W&B run.scan_history,Last 100 non-null records; temporal SD within one run
100,0.3291384094953537,0.023150380940122724,0.2686399221420288,0.3913509249687195,0.3284313529729843,No action rate,p6vbd18i,Anchor position error,Metrics/motion/error_anchor_pos,W&B run.scan_history,Last 100 non-null records; temporal SD within one run
100,0.16192081585526466,0.01135574993507622,0.13349568843841553,0.1905711144208908,0.16142788529396057,No action rate,p6vbd18i,Anchor rotation error,Metrics/motion/error_anchor_rot,W&B run.scan_history,Last 100 non-null records; temporal SD within one run
100,0.09868418276309968,0.0047865111571042595,0.0884549468755722,0.1115758866071701,0.09874285385012627,No action rate,p6vbd18i,Body position error,Metrics/motion/error_body_pos,W&B run.scan_history,Last 100 non-null records; temporal SD within one run
100,0.5912553036212921,0.024506489582705415,0.5344031453132629,0.6459414958953857,0.5927443206310272,No action rate,p6vbd18i,Body rotation error,Metrics/motion/error_body_rot,W&B run.scan_history,Last 100 non-null records; temporal SD within one run
100,1.0143771731853486,0.038239405276454065,0.9338432550430298,1.1131134033203125,1.0139506459236145,No action rate,p6vbd18i,Body linear velocity error,Metrics/motion/error_body_lin_vel,W&B run.scan_history,Last 100 non-null records; temporal SD within one run
100,10.58765495300293,0.24259810127031914,10.023463249206543,11.210670471191406,10.554737567901611,No action rate,p6vbd18i,Body angular velocity error,Metrics/motion/error_body_ang_vel,W&B run.scan_history,Last 100 non-null records; temporal SD within one run
100,0.0,0.0,0.0,0.0,0.0,No action rate,p6vbd18i,Action-rate penalty contribution,Episode_Reward/action_rate_l2,W&B run.scan_history,Last 100 non-null records; temporal SD within one run
100,-0.03697667624801397,0.0015081500123059256,-0.04034571349620819,-0.03366527706384659,-0.036878207698464394,No action rate,p6vbd18i,Joint-limit penalty contribution,Episode_Reward/joint_limit,W&B run.scan_history,Last 100 non-null records; temporal SD within one run
100,-0.012300195856951177,0.0023143520677744002,-0.019251473248004913,-0.006043912377208471,-0.012042633723467588,No action rate,p6vbd18i,Self-collision penalty contribution,Episode_Reward/self_collisions,W&B run.scan_history,Last 100 non-null records; temporal SD within one run
100,0.6073405236005783,0.01613756343282508,0.5632778406143188,0.6507776975631714,0.6071094572544098,No joint limit,6gq87ju7,Anchor position error,Metrics/motion/error_anchor_pos,W&B run.scan_history,Last 100 non-null records; temporal SD within one run
100,0.3588170492649078,0.010636658508419937,0.3365670144557953,0.38061103224754333,0.35854896903038025,No joint limit,6gq87ju7,Anchor rotation error,Metrics/motion/error_anchor_rot,W&B run.scan_history,Last 100 non-null records; temporal SD within one run
100,0.20683874174952507,0.0036549292650071355,0.19793498516082764,0.21471843123435974,0.2071874588727951,No joint limit,6gq87ju7,Body position error,Metrics/motion/error_body_pos,W&B run.scan_history,Last 100 non-null records; temporal SD within one run
100,0.761774119734764,0.01150953511534452,0.7378451228141785,0.789792537689209,0.7619861364364624,No joint limit,6gq87ju7,Body rotation error,Metrics/motion/error_body_rot,W&B run.scan_history,Last 100 non-null records; temporal SD within one run
100,1.6231388533115387,0.025876154215477568,1.5686378479003906,1.690496802330017,1.6259788274765015,No joint limit,6gq87ju7,Body linear velocity error,Metrics/motion/error_body_lin_vel,W&B run.scan_history,Last 100 non-null records; temporal SD within one run
100,5.053977341651916,0.07637456958431645,4.888949871063232,5.221831321716309,5.0599236488342285,No joint limit,6gq87ju7,Body angular velocity error,Metrics/motion/error_body_ang_vel,W&B run.scan_history,Last 100 non-null records; temporal SD within one run
100,-0.4256046089529991,0.01619976819602792,-0.46756741404533386,-0.38820597529411316,-0.42586278915405273,No joint limit,6gq87ju7,Action-rate penalty contribution,Episode_Reward/action_rate_l2,W&B run.scan_history,Last 100 non-null records; temporal SD within one run
100,0.0,0.0,0.0,0.0,0.0,No joint limit,6gq87ju7,Joint-limit penalty contribution,Episode_Reward/joint_limit,W&B run.scan_history,Last 100 non-null records; temporal SD within one run
100,-0.007539001437835396,0.0016797249871985235,-0.012810973450541496,-0.004354692995548248,-0.007397368084639311,No joint limit,6gq87ju7,Self-collision penalty contribution,Episode_Reward/self_collisions,W&B run.scan_history,Last 100 non-null records; temporal SD within one run
100,0.5867950731515884,0.01783328033240954,0.5382192730903625,0.6218408346176147,0.5877414643764496,No self collision,q2l4sxxn,Anchor position error,Metrics/motion/error_anchor_pos,W&B run.scan_history,Last 100 non-null records; temporal SD within one run
100,0.28791141211986543,0.008952753899866847,0.2676171362400055,0.31767022609710693,0.28807583451271057,No self collision,q2l4sxxn,Anchor rotation error,Metrics/motion/error_anchor_rot,W&B run.scan_history,Last 100 non-null records; temporal SD within one run
100,0.17181093841791154,0.006006118365702522,0.15911971032619476,0.18611089885234833,0.1718277558684349,No self collision,q2l4sxxn,Body position error,Metrics/motion/error_body_pos,W&B run.scan_history,Last 100 non-null records; temporal SD within one run
100,0.611225174665451,0.01688613477276257,0.5775225162506104,0.6418587565422058,0.6123901009559631,No self collision,q2l4sxxn,Body rotation error,Metrics/motion/error_body_rot,W&B run.scan_history,Last 100 non-null records; temporal SD within one run
100,1.4268628466129303,0.0446313004685805,1.3365099430084229,1.5082519054412842,1.435315728187561,No self collision,q2l4sxxn,Body linear velocity error,Metrics/motion/error_body_lin_vel,W&B run.scan_history,Last 100 non-null records; temporal SD within one run
100,4.540424118041992,0.09397366707817445,4.3384552001953125,4.738888740539551,4.543211460113525,No self collision,q2l4sxxn,Body angular velocity error,Metrics/motion/error_body_ang_vel,W&B run.scan_history,Last 100 non-null records; temporal SD within one run
100,-0.5076426479220391,0.025367575175473174,-0.5702744722366333,-0.45795536041259766,-0.5065339207649231,No self collision,q2l4sxxn,Action-rate penalty contribution,Episode_Reward/action_rate_l2,W&B run.scan_history,Last 100 non-null records; temporal SD within one run
100,-0.02363400423899293,0.0014657049267266693,-0.028839794918894768,-0.020537691190838814,-0.023413043469190598,No self collision,q2l4sxxn,Joint-limit penalty contribution,Episode_Reward/joint_limit,W&B run.scan_history,Last 100 non-null records; temporal SD within one run
100,0.0,0.0,0.0,0.0,0.0,No self collision,q2l4sxxn,Self-collision penalty contribution,Episode_Reward/self_collisions,W&B run.scan_history,Last 100 non-null records; temporal SD within one run
